LEN,LEX,SEN,SEX,PSM,SLV,CLS,NOP,RMR,TCS
False,False,False,False,0,0,19109.5,19109.5,4.0,Sun Sep 25 12:00:07 2022
False,False,False,False,0,0,18983.5,18983.5,4.0,Sun Sep 25 16:00:06 2022
False,False,False,False,0,0,18911.5,18911.5,4.0,Sun Sep 25 20:00:11 2022
False,False,False,False,0,0,18805.0,18805.0,4.0,Mon Sep 26 00:00:06 2022
False,False,False,False,0,0,18860.0,18860.0,4.0,Mon Sep 26 04:00:06 2022
False,False,False,False,0,0,18906.5,18906.5,4.0,Mon Sep 26 08:00:09 2022
False,False,False,False,0,0,18867.5,18867.5,4.0,Mon Sep 26 12:00:06 2022
False,False,False,False,0,0,19109.0,19109.0,4.0,Mon Sep 26 16:00:14 2022
False,False,False,False,0,0,19197.5,19197.5,4.0,Mon Sep 26 20:00:11 2022
False,False,False,False,0,0,19222.0,19222.0,4.0,Tue Sep 27 00:00:06 2022
True,False,False,True,0.596533129980659,18850.839105,20091.5,20091.5,4.0,Tue Sep 27 04:00:11 2022
False,False,False,False,0,0,20175.5,20175.5,4.0,Tue Sep 27 08:00:10 2022
False,False,False,False,0,0,20222.5,20222.5,4.0,Tue Sep 27 12:00:06 2022
False,False,False,False,0,0,19879.0,19879.0,4.0,Tue Sep 27 16:00:06 2022
False,False,False,False,0,0,19069.0,19069.0,4.0,Tue Sep 27 20:00:07 2022
False,False,False,False,0,0,19068.0,19068.0,4.0,Wed Sep 28 00:00:06 2022
False,False,False,False,0,0,18735.5,18735.5,4.0,Wed Sep 28 04:00:07 2022
False,False,False,False,0,0,18779.0,18779.0,4.0,Wed Sep 28 08:00:08 2022
False,False,False,False,0,0,18945.0,18945.0,4.0,Wed Sep 28 12:00:06 2022
False,False,False,False,0,0,19481.5,19481.5,4.0,Wed Sep 28 16:00:06 2022
False,False,False,False,0,0,19531.0,19531.0,4.0,Wed Sep 28 20:00:07 2022
False,False,False,False,0,0,19408.5,19408.5,4.0,Thu Sep 29 00:00:06 2022
False,False,False,False,0,0,19494.0,19494.0,4.0,Thu Sep 29 04:00:05 2022
False,False,False,False,0,0,19354.0,19354.0,4.0,Thu Sep 29 08:00:07 2022
False,False,False,False,0,0,19455.0,19455.0,4.0,Thu Sep 29 12:00:07 2022
False,False,False,False,0,0,19281.0,19281.0,4.0,Thu Sep 29 16:00:06 2022
False,False,False,False,0,0,19395.0,19395.0,4.0,Thu Sep 29 20:00:07 2022
False,False,False,False,0,0,19580.5,19580.5,4.0,Fri Sep 30 00:00:06 2022
False,False,False,False,0,0,19388.5,19388.5,4.0,Fri Sep 30 04:00:06 2022
False,False,False,False,0,0,19562.0,19562.0,4.0,Fri Sep 30 08:00:06 2022
False,False,False,False,0,0,19429.0,19429.0,4.0,Fri Sep 30 12:00:07 2022
False,False,False,False,0,0,19744.5,19744.5,4.0,Fri Sep 30 16:00:06 2022
False,False,False,False,0,0,19467.5,19467.5,4.0,Fri Sep 30 20:00:06 2022
False,False,False,False,0,0,19411.0,19411.0,4.0,Sat Oct  1 00:00:10 2022
False,False,False,False,0,0,19406.0,19406.0,4.0,Sat Oct  1 04:00:06 2022
False,False,False,False,0,0,19306.5,19306.5,4.0,Sat Oct  1 08:00:07 2022
False,False,False,False,0,0,19300.5,19300.5,4.0,Sat Oct  1 12:00:06 2022
False,False,False,False,0,0,19323.0,19323.0,4.0,Sat Oct  1 16:00:06 2022
False,False,False,False,0,0,19257.5,19257.5,4.0,Sat Oct  1 20:00:07 2022
False,False,False,False,0,0,19301.0,19301.0,4.0,Sun Oct  2 00:00:06 2022
False,False,False,False,0,0,19302.0,19302.0,4.0,Sun Oct  2 04:00:05 2022
False,False,False,False,0,0,19273.0,19273.0,4.0,Sun Oct  2 08:00:06 2022
False,False,False,False,0,0,19187.0,19187.0,4.0,Sun Oct  2 12:00:06 2022
False,False,False,False,0,0,19137.5,19137.5,4.0,Sun Oct  2 16:00:07 2022
False,False,False,False,0,0,19248.0,19248.0,4.0,Sun Oct  2 20:00:06 2022
False,False,False,False,0,0,19045.0,19045.0,4.0,Mon Oct  3 00:00:05 2022
False,False,False,False,0,0,19161.5,19161.5,4.0,Mon Oct  3 04:00:07 2022
False,False,False,False,0,0,19188.5,19188.5,4.0,Mon Oct  3 08:00:07 2022
False,False,False,False,0,0,19243.0,19243.0,4.0,Mon Oct  3 12:00:08 2022
False,False,False,False,0,0,19328.0,19328.0,4.0,Mon Oct  3 16:00:07 2022
False,False,False,False,0,0,19538.0,19538.0,4.0,Mon Oct  3 20:00:06 2022
False,False,False,False,0,0,19625.5,19625.5,4.0,Tue Oct  4 00:00:06 2022
False,False,False,False,0,0,19596.5,19596.5,4.0,Tue Oct  4 04:00:07 2022
False,False,False,False,0,0,19957.5,19957.5,4.0,Tue Oct  4 08:00:07 2022
False,False,False,False,0,0,19930.5,19930.5,4.0,Tue Oct  4 12:00:07 2022
False,False,False,False,0,0,20090.5,20090.5,4.0,Tue Oct  4 16:00:06 2022
False,False,False,False,0,0,20219.0,20219.0,4.0,Tue Oct  4 20:00:06 2022
True,False,False,True,1.30226817085138,19752.34645,20335.0,20335.0,4.0,Wed Oct  5 00:00:06 2022
False,False,False,False,0,0,20184.5,20184.5,4.0,Wed Oct  5 04:00:07 2022
False,False,False,False,0,0,20217.0,20217.0,4.0,Wed Oct  5 08:00:08 2022
False,False,False,False,0,0,20022.5,20022.5,4.0,Wed Oct  5 12:00:07 2022
False,False,False,False,0,0,20000.0,20000.0,4.0,Wed Oct  5 16:00:06 2022
False,False,False,False,0,0,20111.5,20111.5,4.0,Wed Oct  5 20:00:07 2022
False,False,False,False,0,0,20156.0,20156.0,4.0,Thu Oct  6 00:00:06 2022
False,False,False,False,0,0,20348.0,20348.0,4.0,Thu Oct  6 04:00:06 2022
False,False,False,False,0,0,20215.5,20215.5,4.0,Thu Oct  6 08:00:06 2022
False,False,False,False,0,0,20237.5,20237.5,4.0,Thu Oct  6 12:00:07 2022
False,False,False,False,0,0,20004.5,20004.5,4.0,Thu Oct  6 16:00:06 2022
False,False,False,False,0,0,20004.5,20004.5,4.0,Thu Oct  6 20:00:09 2022
False,False,False,False,0,0,19955.0,19955.0,4.0,Fri Oct  7 00:00:06 2022
False,False,False,False,0,0,19980.0,19980.0,4.0,Fri Oct  7 04:00:06 2022
False,False,False,False,0,0,19925.0,19925.0,4.0,Fri Oct  7 08:00:06 2022
False,False,False,False,0,0,19996.5,19996.5,4.0,Fri Oct  7 12:00:07 2022
False,True,True,False,1.28139663267812,20175.9641,19570.0,19570.0,4.0,Fri Oct  7 16:00:07 2022
False,False,False,False,0,0,19451.0,19451.0,4.0,Fri Oct  7 20:00:08 2022
False,False,False,False,0,0,19520.5,19520.5,4.0,Sat Oct  8 00:00:06 2022
False,False,False,False,0,0,19494.5,19494.5,4.0,Sat Oct  8 04:00:06 2022
False,False,False,False,0,0,19491.5,19491.5,4.0,Sat Oct  8 08:00:06 2022
False,False,False,False,0,0,19533.0,19533.0,4.0,Sat Oct  8 12:00:06 2022
False,False,False,False,0,0,19481.0,19481.0,4.0,Sat Oct  8 16:00:07 2022
False,False,False,False,0,0,19453.5,19453.5,4.0,Sat Oct  8 20:00:07 2022
False,False,False,False,0,0,19411.5,19411.5,4.0,Sun Oct  9 00:00:08 2022
False,False,False,False,0,0,19357.5,19357.5,4.0,Sun Oct  9 04:00:06 2022
False,False,False,False,0,0,19401.5,19401.5,4.0,Sun Oct  9 08:00:06 2022
False,False,False,False,0,0,19460.0,19460.0,4.0,Sun Oct  9 12:00:07 2022
False,False,False,False,0,0,19532.5,19532.5,4.0,Sun Oct  9 16:00:06 2022
False,False,False,False,0,0,19459.0,19459.0,4.0,Sun Oct  9 20:00:07 2022
False,False,False,False,0,0,19435.5,19435.5,4.0,Mon Oct 10 00:00:06 2022
False,False,False,False,0,0,19440.0,19440.0,4.0,Mon Oct 10 04:00:06 2022
False,False,False,False,0,0,19404.0,19404.0,4.0,Mon Oct 10 08:00:07 2022
False,False,False,False,0,0,19324.5,19324.5,4.0,Mon Oct 10 12:00:07 2022
False,False,False,False,0,0,19263.0,19263.0,4.0,Mon Oct 10 16:00:07 2022
False,False,False,False,0,0,19203.0,19203.0,4.0,Mon Oct 10 20:00:06 2022
False,False,False,False,0,0,19121.0,19121.0,4.0,Tue Oct 11 00:00:22 2022
False,False,False,False,0,0,19031.5,19031.5,4.0,Tue Oct 11 04:00:06 2022
False,False,False,False,0,0,19069.0,19069.0,4.0,Tue Oct 11 08:00:06 2022
False,False,False,False,0,0,19145.0,19145.0,4.0,Tue Oct 11 12:00:07 2022
False,False,False,False,0,0,19138.0,19138.0,4.0,Tue Oct 11 16:00:06 2022
False,False,False,False,0,0,18980.5,18980.5,4.0,Tue Oct 11 20:00:07 2022
False,False,False,False,0,0,19051.5,19051.5,4.0,Wed Oct 12 00:00:05 2022
False,False,False,False,0,0,19036.0,19036.0,4.0,Wed Oct 12 04:00:06 2022
False,False,False,False,0,0,19098.5,19098.5,4.0,Wed Oct 12 08:00:07 2022
False,False,False,False,0,0,19107.5,19107.5,4.0,Wed Oct 12 12:00:11 2022
False,False,False,False,0,0,19135.0,19135.0,4.0,Wed Oct 12 16:00:06 2022
False,False,False,False,0,0,19130.0,19130.0,4.0,Wed Oct 12 20:00:06 2022
False,False,False,False,0,0,19148.0,19148.0,4.0,Thu Oct 13 00:00:07 2022
False,False,False,False,0,0,19075.5,19075.5,4.0,Thu Oct 13 04:00:05 2022
False,False,False,False,0,0,19000.5,19000.5,4.0,Thu Oct 13 08:00:06 2022
False,True,True,False,1.35178543477637,19285.86394,18738.0,18738.0,4.0,Thu Oct 13 12:00:07 2022
False,False,False,False,0,0,18943.5,18943.5,4.0,Thu Oct 13 16:00:06 2022
False,False,False,False,0,0,19362.5,19362.5,4.0,Thu Oct 13 20:00:07 2022
False,False,False,False,0,0,19371.5,19371.5,4.0,Fri Oct 14 00:00:06 2022
True,False,False,True,0.720053892778532,18785.58922,19806.0,19806.0,4.0,Fri Oct 14 04:00:06 2022
False,False,False,False,0,0,19636.5,19636.5,4.0,Fri Oct 14 08:00:07 2022
False,False,False,False,0,0,19587.5,19587.5,4.0,Fri Oct 14 12:00:06 2022
False,False,False,False,0,0,19350.5,19350.5,4.0,Fri Oct 14 16:00:06 2022
False,False,False,False,0,0,19162.0,19162.0,4.0,Fri Oct 14 20:00:07 2022
False,False,False,False,0,0,19167.5,19167.5,4.0,Sat Oct 15 00:00:07 2022
False,False,False,False,0,0,19198.0,19198.0,4.0,Sat Oct 15 04:00:06 2022
False,False,False,False,0,0,19165.5,19165.5,4.0,Sat Oct 15 08:00:06 2022
False,False,False,False,0,0,19158.5,19158.5,4.0,Sat Oct 15 12:00:06 2022
False,False,False,False,0,0,19124.0,19124.0,4.0,Sat Oct 15 16:00:06 2022
False,False,False,False,0,0,19087.5,19087.5,4.0,Sat Oct 15 20:00:06 2022
False,False,False,False,0,0,19059.5,19059.5,4.0,Sun Oct 16 00:00:07 2022
False,False,False,False,0,0,19111.5,19111.5,4.0,Sun Oct 16 04:00:06 2022
False,False,False,False,0,0,19125.5,19125.5,4.0,Sun Oct 16 08:00:12 2022
False,False,False,False,0,0,19136.5,19136.5,4.0,Sun Oct 16 12:00:06 2022
False,False,False,False,0,0,19148.0,19148.0,4.0,Sun Oct 16 16:00:06 2022
False,False,False,False,0,0,19367.5,19367.5,4.0,Sun Oct 16 20:00:06 2022
False,False,False,False,0,0,19252.0,19252.0,4.0,Mon Oct 17 00:00:07 2022
False,False,False,False,0,0,19181.5,19181.5,4.0,Mon Oct 17 04:00:07 2022
False,False,False,False,0,0,19292.5,19292.5,4.0,Mon Oct 17 08:00:07 2022
False,False,False,False,0,0,19447.0,19447.0,4.0,Mon Oct 17 12:00:06 2022
False,False,False,False,0,0,19527.0,19527.0,4.0,Mon Oct 17 16:00:05 2022
False,False,False,False,0,0,19512.0,19512.0,4.0,Mon Oct 17 20:00:07 2022
False,False,False,False,0,0,19536.0,19536.0,4.0,Tue Oct 18 00:00:05 2022
False,False,False,False,0,0,19540.5,19540.5,4.0,Tue Oct 18 04:00:06 2022
False,False,False,False,0,0,19661.5,19661.5,4.0,Tue Oct 18 08:00:07 2022
False,False,False,False,0,0,19556.0,19556.0,4.0,Tue Oct 18 12:00:06 2022
False,False,False,False,0,0,19363.0,19363.0,4.0,Tue Oct 18 16:00:06 2022
False,False,False,False,0,0,19210.5,19210.5,4.0,Tue Oct 18 20:00:07 2022
False,False,False,False,0,0,19319.5,19319.5,4.0,Wed Oct 19 00:00:06 2022
False,False,False,False,0,0,19276.5,19276.5,4.0,Wed Oct 19 04:00:06 2022
False,False,False,False,0,0,19213.0,19213.0,4.0,Wed Oct 19 08:00:06 2022
False,False,False,False,0,0,19192.5,19192.5,4.0,Wed Oct 19 12:00:07 2022
False,False,False,False,0,0,19262.5,19262.5,4.0,Wed Oct 19 16:00:11 2022
False,False,False,False,0,0,19225.0,19225.0,4.0,Wed Oct 19 20:00:06 2022
False,False,False,False,0,0,19118.5,19118.5,4.0,Thu Oct 20 00:00:12 2022
False,True,True,False,1.99845692884085,19395.656965,19030.5,19030.5,4.0,Thu Oct 20 04:00:07 2022
False,False,False,False,0,0,19130.5,19130.5,4.0,Thu Oct 20 08:00:06 2022
False,False,False,False,0,0,19197.5,19197.5,4.0,Thu Oct 20 12:00:07 2022
False,False,False,False,0,0,19244.5,19244.5,4.0,Thu Oct 20 16:00:06 2022
False,False,False,False,0,0,19064.0,19064.0,4.0,Thu Oct 20 20:00:06 2022
False,False,False,False,0,0,19039.0,19039.0,4.0,Fri Oct 21 00:00:06 2022
False,False,False,False,0,0,19036.5,19036.5,4.0,Fri Oct 21 04:00:13 2022
False,False,False,False,0,0,19015.5,19015.5,4.0,Fri Oct 21 08:00:06 2022
False,False,False,False,0,0,18933.5,18933.5,4.0,Fri Oct 21 12:00:06 2022
False,False,False,False,0,0,19154.0,19154.0,4.0,Fri Oct 21 16:00:11 2022
False,False,False,False,0,0,19178.0,19178.0,4.0,Fri Oct 21 20:00:08 2022
False,False,False,False,0,0,19154.0,19154.0,4.0,Sat Oct 22 00:00:06 2022
False,False,False,False,0,0,19144.5,19144.5,4.0,Sat Oct 22 04:00:07 2022
False,False,False,False,0,0,19159.0,19159.0,4.0,Sat Oct 22 08:00:07 2022
False,False,False,False,0,0,19167.0,19167.0,4.0,Sat Oct 22 12:00:06 2022
False,False,False,False,0,0,19227.5,19227.5,4.0,Sat Oct 22 16:00:06 2022
False,False,False,False,0,0,19180.0,19180.0,4.0,Sat Oct 22 20:00:06 2022
False,False,False,False,0,0,19195.0,19195.0,4.0,Sun Oct 23 00:00:06 2022
False,False,False,False,0,0,19194.0,19194.0,4.0,Sun Oct 23 04:00:06 2022
False,False,False,False,0,0,19155.0,19155.0,4.0,Sun Oct 23 08:00:07 2022
False,False,False,False,0,0,19144.5,19144.5,4.0,Sun Oct 23 12:00:07 2022
False,False,False,False,0,0,19183.5,19183.5,4.0,Sun Oct 23 16:00:07 2022
True,False,False,True,1.3712952091057,18959.529365,19489.5,19489.5,4.0,Sun Oct 23 20:00:11 2022
True,False,False,True,1.21529897416399,18959.0972,19560.0,19560.0,4.0,Mon Oct 24 00:00:06 2022
False,False,False,False,0,0,19387.0,19387.0,4.0,Mon Oct 24 04:00:11 2022
False,False,False,False,0,0,19317.5,19317.5,4.0,Mon Oct 24 08:00:06 2022
False,False,False,False,0,0,19414.5,19414.5,4.0,Mon Oct 24 12:00:06 2022
False,False,False,False,0,0,19299.5,19299.5,4.0,Mon Oct 24 16:00:08 2022
False,False,False,False,0,0,19330.0,19330.0,4.0,Mon Oct 24 20:00:07 2022
False,False,False,False,0,0,19322.0,19322.0,4.0,Tue Oct 25 00:00:09 2022
False,False,False,False,0,0,19334.0,19334.0,4.0,Tue Oct 25 04:00:07 2022
False,False,False,False,0,0,19297.5,19297.5,4.0,Tue Oct 25 08:00:06 2022
False,False,False,False,0,0,19291.5,19291.5,4.0,Tue Oct 25 12:00:07 2022
True,False,False,True,1.15359700655852,19100.9938,19740.0,19740.0,4.0,Tue Oct 25 16:00:06 2022
True,False,False,True,0.639325338608994,19097.75103,20269.0,20269.0,4.0,Tue Oct 25 20:00:09 2022
False,False,False,False,0,0,20077.0,20077.0,4.0,Wed Oct 26 00:00:12 2022
False,False,False,False,0,0,20247.0,20247.0,4.0,Wed Oct 26 04:00:06 2022
False,False,False,False,0,0,20343.0,20343.0,4.0,Wed Oct 26 08:00:06 2022
True,False,False,True,1.15804463604371,19935.722,20600.0,20600.0,4.0,Wed Oct 26 12:00:07 2022
False,False,False,False,0,0,20838.5,20838.5,4.0,Wed Oct 26 16:00:07 2022
False,False,False,False,0,0,20759.5,20759.5,4.0,Wed Oct 26 20:00:06 2022
False,False,False,False,0,0,20765.0,20765.0,4.0,Thu Oct 27 00:00:06 2022
False,False,False,False,0,0,20745.0,20745.0,4.0,Thu Oct 27 04:00:06 2022
False,False,False,False,0,0,20706.5,20706.5,4.0,Thu Oct 27 08:00:06 2022
False,False,False,False,0,0,20615.0,20615.0,4.0,Thu Oct 27 12:00:07 2022
False,False,False,False,0,0,20551.0,20551.0,4.0,Thu Oct 27 16:00:08 2022
False,False,False,False,0,0,20620.0,20620.0,4.0,Thu Oct 27 20:00:08 2022
False,False,False,False,0,0,20293.5,20293.5,4.0,Fri Oct 28 00:00:06 2022
False,False,False,False,0,0,20283.5,20283.5,4.0,Fri Oct 28 04:00:06 2022
False,False,False,False,0,0,20077.5,20077.5,4.0,Fri Oct 28 08:00:09 2022
False,False,False,False,0,0,20170.0,20170.0,4.0,Fri Oct 28 12:00:07 2022
False,False,False,False,0,0,20469.5,20469.5,4.0,Fri Oct 28 16:00:08 2022
False,False,False,False,0,0,20606.0,20606.0,4.0,Fri Oct 28 20:00:07 2022
False,False,False,False,0,0,20590.5,20590.5,4.0,Sat Oct 29 00:00:06 2022
False,False,False,False,0,0,20747.5,20747.5,4.0,Sat Oct 29 04:00:06 2022
False,False,False,False,0,0,20766.5,20766.5,4.0,Sat Oct 29 08:00:06 2022
False,False,False,False,0,0,20692.0,20692.0,4.0,Sat Oct 29 12:00:07 2022
False,False,False,False,0,0,20926.5,20926.5,4.0,Sat Oct 29 16:00:07 2022
False,False,False,False,0,0,20836.5,20836.5,4.0,Sat Oct 29 20:00:06 2022
False,False,False,False,0,0,20814.5,20814.5,4.0,Sun Oct 30 00:00:06 2022
False,False,False,False,0,0,20772.5,20772.5,4.0,Sun Oct 30 04:00:05 2022
False,False,False,False,0,0,20843.5,20843.5,4.0,Sun Oct 30 08:00:06 2022
False,False,False,False,0,0,20771.0,20771.0,4.0,Sun Oct 30 12:00:06 2022
False,False,False,False,0,0,20679.0,20679.0,4.0,Sun Oct 30 16:00:08 2022
False,False,False,False,0,0,20642.5,20642.5,4.0,Sun Oct 30 20:00:07 2022
False,False,False,False,0,0,20620.5,20620.5,4.0,Mon Oct 31 00:00:06 2022
False,False,False,False,0,0,20516.0,20516.0,4.0,Mon Oct 31 04:00:06 2022
False,False,False,False,0,0,20544.5,20544.5,4.0,Mon Oct 31 08:00:10 2022
False,False,False,False,0,0,20721.5,20721.5,4.0,Mon Oct 31 12:00:06 2022
False,False,False,False,0,0,20390.5,20390.5,4.0,Mon Oct 31 16:00:06 2022
False,False,False,False,0,0,20356.0,20356.0,4.0,Mon Oct 31 20:00:07 2022
False,False,False,False,0,0,20484.0,20484.0,4.0,Tue Nov  1 00:00:06 2022
False,False,False,False,0,0,20469.0,20469.0,4.0,Tue Nov  1 04:00:07 2022
False,False,False,False,0,0,20581.5,20581.5,4.0,Tue Nov  1 08:00:06 2022
False,False,False,False,0,0,20507.0,20507.0,4.0,Tue Nov  1 12:00:06 2022
False,False,False,False,0,0,20435.5,20435.5,4.0,Tue Nov  1 16:00:07 2022
False,False,False,False,0,0,20439.5,20439.5,4.0,Tue Nov  1 20:00:06 2022
False,False,False,False,0,0,20468.0,20468.0,4.0,Wed Nov  2 00:00:07 2022
False,False,False,False,0,0,20508.0,20508.0,4.0,Wed Nov  2 04:00:06 2022
False,False,False,False,0,0,20417.5,20417.5,4.0,Wed Nov  2 08:00:07 2022
False,False,False,False,0,0,20419.5,20419.5,4.0,Wed Nov  2 12:00:08 2022
False,False,False,False,0,0,20400.0,20400.0,4.0,Wed Nov  2 16:00:07 2022
False,False,False,False,0,0,20242.0,20242.0,4.0,Wed Nov  2 20:00:08 2022
False,False,False,False,0,0,20140.5,20140.5,4.0,Thu Nov  3 00:00:08 2022
False,False,False,False,0,0,20297.0,20297.0,4.0,Thu Nov  3 04:00:06 2022
False,False,False,False,0,0,20290.5,20290.5,4.0,Thu Nov  3 08:00:06 2022
False,False,False,False,0,0,20116.0,20116.0,4.0,Thu Nov  3 12:00:07 2022
False,False,False,False,0,0,20241.0,20241.0,4.0,Thu Nov  3 16:00:08 2022
False,False,False,False,0,0,20245.5,20245.5,4.0,Thu Nov  3 20:00:06 2022
False,False,False,False,0,0,20201.0,20201.0,4.0,Fri Nov  4 00:00:06 2022
False,False,False,False,0,0,20310.0,20310.0,4.0,Fri Nov  4 04:00:08 2022
False,False,False,False,0,0,20602.0,20602.0,4.0,Fri Nov  4 08:00:07 2022
False,False,False,False,0,0,20545.0,20545.0,4.0,Fri Nov  4 12:00:07 2022
True,False,False,True,1.19257806304028,20178.309035,20830.5,20830.5,4.0,Fri Nov  4 16:00:07 2022
False,False,False,False,0,0,21097.5,21097.5,4.0,Fri Nov  4 20:00:07 2022
False,False,False,False,0,0,21141.0,21141.0,4.0,Sat Nov  5 00:00:06 2022
False,False,False,False,0,0,21435.0,21435.0,4.0,Sat Nov  5 04:00:06 2022
False,False,False,False,0,0,21376.0,21376.0,4.0,Sat Nov  5 08:00:11 2022
False,False,False,False,0,0,21393.0,21393.0,4.0,Sat Nov  5 12:00:10 2022
False,False,False,False,0,0,21291.0,21291.0,4.0,Sat Nov  5 16:00:09 2022
False,False,False,False,0,0,21321.5,21321.5,4.0,Sat Nov  5 20:00:09 2022
False,False,False,False,0,0,21295.0,21295.0,4.0,Sun Nov  6 00:00:06 2022
False,False,False,False,0,0,21229.0,21229.0,4.0,Sun Nov  6 04:00:06 2022
False,False,False,False,0,0,21191.5,21191.5,4.0,Sun Nov  6 08:00:07 2022
False,False,False,False,0,0,21242.0,21242.0,4.0,Sun Nov  6 12:00:10 2022
False,False,False,False,0,0,21234.5,21234.5,4.0,Sun Nov  6 16:00:06 2022
False,False,False,False,0,0,21192.5,21192.5,4.0,Sun Nov  6 20:00:06 2022
False,False,False,False,0,0,20903.5,20903.5,4.0,Mon Nov  7 00:00:07 2022
False,False,False,False,0,0,20904.5,20904.5,4.0,Mon Nov  7 04:00:06 2022
False,False,False,False,0,0,20621.5,20621.5,4.0,Mon Nov  7 08:00:08 2022
False,False,False,False,0,0,20721.5,20721.5,4.0,Mon Nov  7 12:00:07 2022
False,False,False,False,0,0,20758.5,20758.5,4.0,Mon Nov  7 16:00:06 2022
False,False,False,False,0,0,20830.5,20830.5,4.0,Mon Nov  7 20:00:07 2022
False,False,False,False,0,0,20585.5,20585.5,4.0,Tue Nov  8 00:00:06 2022
False,False,False,False,0,0,20140.5,20140.5,4.0,Tue Nov  8 04:00:07 2022
False,True,True,False,0.67192433875444,21010.27592,19784.0,19784.0,4.0,Tue Nov  8 08:00:17 2022
False,False,False,False,0,0,19693.5,19693.5,4.0,Tue Nov  8 12:00:12 2022
False,False,False,False,0,0,19518.5,19518.5,4.0,Tue Nov  8 16:00:13 2022
False,True,True,False,0.326962429504316,20772.90315,18255.0,18255.0,4.0,Tue Nov  8 20:00:08 2022
False,False,False,False,0,0,18536.5,18536.5,4.0,Wed Nov  9 00:00:08 2022
False,False,False,False,0,0,18296.0,18296.0,4.0,Wed Nov  9 04:00:09 2022
False,False,False,False,0,0,18215.0,18215.0,4.0,Wed Nov  9 08:00:07 2022
False,False,False,False,0,0,17778.5,17778.5,4.0,Wed Nov  9 12:00:09 2022
False,False,False,False,0,0,17086.5,17086.5,4.0,Wed Nov  9 16:00:07 2022
False,True,True,False,0.445452725298293,18365.600875,16737.5,16737.5,4.0,Wed Nov  9 20:00:10 2022
False,True,True,False,0.32313100061774,18084.25858,15866.0,15866.0,4.0,Thu Nov 10 00:00:07 2022
False,False,False,False,0,0,16288.0,16288.0,4.0,Thu Nov 10 04:00:09 2022
False,False,False,False,0,0,16665.0,16665.0,4.0,Thu Nov 10 08:00:09 2022
False,False,False,False,0,0,16200.5,16200.5,4.0,Thu Nov 10 12:00:07 2022
False,False,False,False,0,0,17516.0,17516.0,4.0,Thu Nov 10 16:00:09 2022
False,False,False,False,0,0,17390.0,17390.0,4.0,Thu Nov 10 20:00:06 2022
False,False,False,False,0,0,17555.5,17555.5,4.0,Fri Nov 11 00:00:06 2022
False,False,False,False,0,0,16987.5,16987.5,4.0,Fri Nov 11 04:00:06 2022
False,False,False,False,0,0,17358.5,17358.5,4.0,Fri Nov 11 08:00:11 2022
False,False,False,False,0,0,17286.0,17286.0,4.0,Fri Nov 11 12:00:09 2022
False,False,False,False,0,0,16827.0,16827.0,4.0,Fri Nov 11 16:00:07 2022
False,False,False,False,0,0,16784.0,16784.0,4.0,Fri Nov 11 20:00:07 2022
False,False,False,False,0,0,16998.0,16998.0,4.0,Sat Nov 12 00:00:06 2022
False,False,False,False,0,0,16848.5,16848.5,4.0,Sat Nov 12 04:00:06 2022
False,False,False,False,0,0,16759.0,16759.0,4.0,Sat Nov 12 08:00:13 2022
False,False,False,False,0,0,16810.0,16810.0,4.0,Sat Nov 12 12:00:07 2022
False,False,False,False,0,0,16884.5,16884.5,4.0,Sat Nov 12 16:00:08 2022
False,False,False,False,0,0,16844.0,16844.0,4.0,Sat Nov 12 20:00:07 2022
False,False,False,False,0,0,16773.0,16773.0,4.0,Sun Nov 13 00:00:06 2022
False,False,False,False,0,0,16870.0,16870.0,4.0,Sun Nov 13 04:00:06 2022
False,False,False,False,0,0,16726.5,16726.5,4.0,Sun Nov 13 08:00:06 2022
False,False,False,False,0,0,16619.0,16619.0,4.0,Sun Nov 13 12:00:06 2022
False,False,False,False,0,0,16537.0,16537.0,4.0,Sun Nov 13 16:00:07 2022
False,False,False,False,0,0,16524.5,16524.5,4.0,Sun Nov 13 20:00:08 2022
False,False,False,False,0,0,16300.5,16300.5,4.0,Mon Nov 14 00:00:06 2022
False,True,True,False,1.10508333626343,16682.683805,16098.5,16098.5,4.0,Mon Nov 14 04:00:06 2022
False,False,False,False,0,0,16769.0,16769.0,4.0,Mon Nov 14 08:00:07 2022
False,False,False,False,0,0,16698.0,16698.0,4.0,Mon Nov 14 12:00:06 2022
False,False,False,False,0,0,16558.5,16558.5,4.0,Mon Nov 14 16:00:06 2022
False,False,False,False,0,0,16217.5,16217.5,4.0,Mon Nov 14 20:00:11 2022
False,False,False,False,0,0,16575.5,16575.5,4.0,Tue Nov 15 00:00:07 2022
False,False,False,False,0,0,16767.5,16767.5,4.0,Tue Nov 15 04:00:06 2022
False,False,False,False,0,0,16805.5,16805.5,4.0,Tue Nov 15 08:00:08 2022
False,False,False,False,0,0,16758.5,16758.5,4.0,Tue Nov 15 12:00:06 2022
False,False,False,False,0,0,16950.5,16950.5,4.0,Tue Nov 15 16:00:07 2022
False,False,False,False,0,0,16824.0,16824.0,4.0,Tue Nov 15 20:00:06 2022
False,False,False,False,0,0,16861.5,16861.5,4.0,Wed Nov 16 00:00:06 2022
False,False,False,False,0,0,16942.5,16942.5,4.0,Wed Nov 16 04:00:06 2022
False,False,False,False,0,0,16816.0,16816.0,4.0,Wed Nov 16 08:00:06 2022
False,False,False,False,0,0,16691.5,16691.5,4.0,Wed Nov 16 12:00:06 2022
False,False,False,False,0,0,16409.5,16409.5,4.0,Wed Nov 16 16:00:05 2022
False,False,False,False,0,0,16532.5,16532.5,4.0,Wed Nov 16 20:00:06 2022
False,False,False,False,0,0,16636.0,16636.0,4.0,Thu Nov 17 00:00:05 2022
False,False,False,False,0,0,16501.5,16501.5,4.0,Thu Nov 17 04:00:06 2022
False,False,False,False,0,0,16586.0,16586.0,4.0,Thu Nov 17 08:00:06 2022
False,False,False,False,0,0,16578.5,16578.5,4.0,Thu Nov 17 12:00:06 2022
False,False,False,False,0,0,16510.0,16510.0,4.0,Thu Nov 17 16:00:06 2022
False,False,False,False,0,0,16602.5,16602.5,4.0,Thu Nov 17 20:00:05 2022
False,False,False,False,0,0,16673.0,16673.0,4.0,Fri Nov 18 00:00:06 2022
False,False,False,False,0,0,16827.5,16827.5,4.0,Fri Nov 18 04:00:05 2022
False,False,False,False,0,0,16723.0,16723.0,4.0,Fri Nov 18 08:00:06 2022
False,False,False,False,0,0,16728.5,16728.5,4.0,Fri Nov 18 12:00:06 2022
False,False,False,False,0,0,16670.5,16670.5,4.0,Fri Nov 18 16:00:05 2022
False,False,False,False,0,0,16640.5,16640.5,4.0,Fri Nov 18 20:00:06 2022
False,False,False,False,0,0,16675.0,16675.0,4.0,Sat Nov 19 00:00:06 2022
False,False,False,False,0,0,16600.5,16600.5,4.0,Sat Nov 19 04:00:06 2022
False,False,False,False,0,0,16586.0,16586.0,4.0,Sat Nov 19 08:00:06 2022
False,False,False,False,0,0,16650.5,16650.5,4.0,Sat Nov 19 12:00:05 2022
False,False,False,False,0,0,16621.0,16621.0,4.0,Sat Nov 19 16:00:06 2022
False,False,False,False,0,0,16601.0,16601.0,4.0,Sat Nov 19 20:00:06 2022
False,False,False,False,0,0,16675.0,16675.0,4.0,Sun Nov 20 00:00:05 2022
False,False,False,False,0,0,16654.0,16654.0,4.0,Sun Nov 20 04:00:05 2022
False,False,False,False,0,0,16690.5,16690.5,4.0,Sun Nov 20 08:00:05 2022
False,False,False,False,0,0,16500.5,16500.5,4.0,Sun Nov 20 12:00:06 2022
False,False,False,False,0,0,16562.5,16562.5,4.0,Sun Nov 20 16:00:06 2022
False,False,False,False,0,0,16568.0,16568.0,4.0,Sun Nov 20 20:00:06 2022
False,True,True,False,1.51893694020432,16689.7351,16270.0,16270.0,4.0,Mon Nov 21 00:00:06 2022
False,True,True,False,1.03265904455673,16678.39876,16052.0,16052.0,4.0,Mon Nov 21 04:00:05 2022
False,False,False,False,0,0,16002.5,16002.5,4.0,Mon Nov 21 08:00:06 2022
False,False,False,False,0,0,16057.0,16057.0,4.0,Mon Nov 21 12:00:06 2022
False,False,False,False,0,0,16096.0,16096.0,4.0,Mon Nov 21 16:00:06 2022
False,False,False,False,0,0,15695.5,15695.5,4.0,Mon Nov 21 20:00:06 2022
False,False,False,False,0,0,15744.5,15744.5,4.0,Tue Nov 22 00:00:06 2022
False,False,False,False,0,0,15814.0,15814.0,4.0,Tue Nov 22 04:00:06 2022
False,False,False,False,0,0,15742.5,15742.5,4.0,Tue Nov 22 08:00:06 2022
False,False,False,False,0,0,15735.0,15735.0,4.0,Tue Nov 22 12:00:06 2022
False,False,False,False,0,0,16202.5,16202.5,4.0,Tue Nov 22 16:00:06 2022
False,False,False,False,0,0,16137.0,16137.0,4.0,Tue Nov 22 20:00:06 2022
False,False,False,False,0,0,16193.5,16193.5,4.0,Wed Nov 23 00:00:06 2022
False,False,False,False,0,0,16547.0,16547.0,4.0,Wed Nov 23 04:00:05 2022
False,False,False,False,0,0,16544.5,16544.5,4.0,Wed Nov 23 08:00:06 2022
False,False,False,False,0,0,16553.5,16553.5,4.0,Wed Nov 23 12:00:06 2022
False,False,False,False,0,0,16406.5,16406.5,4.0,Wed Nov 23 16:00:06 2022
False,False,False,False,0,0,16449.5,16449.5,4.0,Wed Nov 23 20:00:06 2022
False,False,False,False,0,0,16580.0,16580.0,4.0,Thu Nov 24 00:00:06 2022
False,False,False,False,0,0,16689.0,16689.0,4.0,Thu Nov 24 04:00:05 2022
False,False,False,False,0,0,16590.0,16590.0,4.0,Thu Nov 24 08:00:06 2022
False,False,False,False,0,0,16554.0,16554.0,4.0,Thu Nov 24 12:00:06 2022
False,False,False,False,0,0,16543.0,16543.0,4.0,Thu Nov 24 16:00:06 2022
False,False,False,False,0,0,16555.5,16555.5,4.0,Thu Nov 24 20:00:06 2022
False,False,False,False,0,0,16575.5,16575.5,4.0,Fri Nov 25 00:00:06 2022
False,False,False,False,0,0,16478.0,16478.0,4.0,Fri Nov 25 04:00:05 2022
False,False,False,False,0,0,16444.5,16444.5,4.0,Fri Nov 25 08:00:06 2022
False,False,False,False,0,0,16511.0,16511.0,4.0,Fri Nov 25 12:00:06 2022
False,False,False,False,0,0,16485.0,16485.0,4.0,Fri Nov 25 16:00:06 2022
False,False,False,False,0,0,16501.5,16501.5,4.0,Fri Nov 25 20:00:06 2022
False,False,False,False,0,0,16500.0,16500.0,4.0,Sat Nov 26 00:00:06 2022
False,False,False,False,0,0,16594.0,16594.0,4.0,Sat Nov 26 04:00:06 2022
False,False,False,False,0,0,16558.0,16558.0,4.0,Sat Nov 26 08:00:06 2022
False,False,False,False,0,0,16555.0,16555.0,4.0,Sat Nov 26 12:00:05 2022
False,False,False,False,0,0,16488.5,16488.5,4.0,Sat Nov 26 16:00:06 2022
False,False,False,False,0,0,16470.5,16470.5,4.0,Sat Nov 26 20:00:05 2022
False,False,False,False,0,0,16440.0,16440.0,4.0,Sun Nov 27 00:00:06 2022
False,False,False,False,0,0,16519.5,16519.5,4.0,Sun Nov 27 04:00:05 2022
False,False,False,False,0,0,16556.0,16556.0,4.0,Sun Nov 27 08:00:06 2022
False,False,False,False,0,0,16544.0,16544.0,4.0,Sun Nov 27 12:00:06 2022
False,False,False,False,0,0,16556.5,16556.5,4.0,Sun Nov 27 16:00:05 2022
False,False,False,False,0,0,16548.5,16548.5,4.0,Sun Nov 27 20:00:06 2022
False,False,False,False,0,0,16412.5,16412.5,4.0,Mon Nov 28 00:00:06 2022
False,True,True,False,1.23078209680837,16686.082255,16163.5,16163.5,4.0,Mon Nov 28 04:00:05 2022
False,False,False,False,0,0,16202.0,16202.0,4.0,Mon Nov 28 08:00:07 2022
False,False,False,False,0,0,16203.0,16203.0,4.0,Mon Nov 28 12:00:06 2022
False,False,False,False,0,0,16147.5,16147.5,4.0,Mon Nov 28 16:00:06 2022
False,False,False,False,0,0,16212.5,16212.5,4.0,Mon Nov 28 20:00:06 2022
False,False,False,False,0,0,16204.5,16204.5,4.0,Tue Nov 29 00:00:06 2022
False,False,False,False,0,0,16266.5,16266.5,4.0,Tue Nov 29 04:00:05 2022
False,False,False,False,0,0,16440.5,16440.5,4.0,Tue Nov 29 08:00:07 2022
False,False,False,False,0,0,16472.5,16472.5,4.0,Tue Nov 29 12:00:06 2022
False,False,False,False,0,0,16371.5,16371.5,4.0,Tue Nov 29 16:00:06 2022
False,False,False,False,0,0,16406.0,16406.0,4.0,Tue Nov 29 20:00:05 2022
False,False,False,False,0,0,16425.5,16425.5,4.0,Wed Nov 30 00:00:06 2022
True,False,False,True,1.05617266260552,16239.80145,16835.0,16835.0,4.0,Wed Nov 30 04:00:06 2022
False,False,False,False,0,0,16874.5,16874.5,4.0,Wed Nov 30 08:00:06 2022
False,False,False,False,0,0,16870.0,16870.0,4.0,Wed Nov 30 12:00:06 2022
False,False,False,False,0,0,16856.5,16856.5,4.0,Wed Nov 30 16:00:06 2022
False,False,False,False,0,0,17047.5,17047.5,4.0,Wed Nov 30 20:00:06 2022
False,False,False,False,0,0,17148.0,17148.0,4.0,Thu Dec  1 00:00:05 2022
False,False,False,False,0,0,17130.5,17130.5,4.0,Thu Dec  1 04:00:06 2022
False,False,False,False,0,0,17062.5,17062.5,4.0,Thu Dec  1 08:00:06 2022
False,False,False,False,0,0,17100.0,17100.0,4.0,Thu Dec  1 12:00:06 2022
False,False,False,False,0,0,16974.5,16974.5,4.0,Thu Dec  1 16:00:06 2022
False,False,False,False,0,0,16954.5,16954.5,4.0,Thu Dec  1 20:00:06 2022
False,False,False,False,0,0,16965.5,16965.5,4.0,Fri Dec  2 00:00:05 2022
False,False,False,False,0,0,16892.5,16892.5,4.0,Fri Dec  2 04:00:06 2022
False,False,False,False,0,0,16949.5,16949.5,4.0,Fri Dec  2 08:00:06 2022
False,False,False,False,0,0,16985.0,16985.0,4.0,Fri Dec  2 12:00:06 2022
False,False,False,False,0,0,16937.0,16937.0,4.0,Fri Dec  2 16:00:05 2022
False,False,False,False,0,0,16993.5,16993.5,4.0,Fri Dec  2 20:00:06 2022
False,False,False,False,0,0,17090.5,17090.5,4.0,Sat Dec  3 00:00:05 2022
False,False,False,False,0,0,17021.0,17021.0,4.0,Sat Dec  3 04:00:06 2022
False,False,False,False,0,0,16963.0,16963.0,4.0,Sat Dec  3 08:00:06 2022
False,False,False,False,0,0,16943.5,16943.5,4.0,Sat Dec  3 12:00:06 2022
False,False,False,False,0,0,16950.0,16950.0,4.0,Sat Dec  3 16:00:06 2022
False,False,False,False,0,0,16945.0,16945.0,4.0,Sat Dec  3 20:00:05 2022
False,False,False,False,0,0,16884.0,16884.0,4.0,Sun Dec  4 00:00:06 2022
False,False,False,False,0,0,16955.0,16955.0,4.0,Sun Dec  4 04:00:06 2022
False,False,False,False,0,0,16985.5,16985.5,4.0,Sun Dec  4 08:00:06 2022
False,False,False,False,0,0,16937.0,16937.0,4.0,Sun Dec  4 12:00:06 2022
False,False,False,False,0,0,17020.5,17020.5,4.0,Sun Dec  4 16:00:06 2022
False,False,False,False,0,0,17077.5,17077.5,4.0,Sun Dec  4 20:00:06 2022
False,False,False,False,0,0,17097.5,17097.5,4.0,Mon Dec  5 00:00:05 2022
False,False,False,False,0,0,17191.0,17191.0,4.0,Mon Dec  5 04:00:06 2022
False,False,False,False,0,0,17296.5,17296.5,4.0,Mon Dec  5 08:00:06 2022
False,False,False,False,0,0,17298.5,17298.5,4.0,Mon Dec  5 12:00:05 2022
False,False,False,False,0,0,17070.5,17070.5,4.0,Mon Dec  5 16:00:06 2022
False,False,False,False,0,0,16913.0,16913.0,4.0,Mon Dec  5 20:00:06 2022
False,False,False,False,0,0,16966.5,16966.5,4.0,Tue Dec  6 00:00:05 2022
False,False,False,False,0,0,16991.0,16991.0,4.0,Tue Dec  6 04:00:05 2022
False,False,False,False,0,0,16999.0,16999.0,4.0,Tue Dec  6 08:00:06 2022
False,False,False,False,0,0,16983.5,16983.5,4.0,Tue Dec  6 12:00:06 2022
False,False,False,False,0,0,16978.0,16978.0,4.0,Tue Dec  6 16:00:06 2022
False,False,False,False,0,0,16974.0,16974.0,4.0,Tue Dec  6 20:00:06 2022
False,False,False,False,0,0,17083.0,17083.0,4.0,Wed Dec  7 00:00:06 2022
False,False,False,False,0,0,17014.5,17014.5,4.0,Wed Dec  7 04:00:05 2022
False,False,False,False,0,0,16762.5,16762.5,4.0,Wed Dec  7 08:00:06 2022
False,False,False,False,0,0,16794.0,16794.0,4.0,Wed Dec  7 12:00:06 2022
False,False,False,False,0,0,16838.0,16838.0,4.0,Wed Dec  7 16:00:06 2022
False,False,False,False,0,0,16812.5,16812.5,4.0,Wed Dec  7 20:00:06 2022
False,False,False,False,0,0,16826.5,16826.5,4.0,Thu Dec  8 00:00:06 2022
False,False,False,False,0,0,16830.5,16830.5,4.0,Thu Dec  8 04:00:05 2022
False,False,False,False,0,0,16810.5,16810.5,4.0,Thu Dec  8 08:00:06 2022
False,False,False,False,0,0,16844.5,16844.5,4.0,Thu Dec  8 12:00:06 2022
False,False,False,False,0,0,16913.5,16913.5,4.0,Thu Dec  8 16:00:06 2022
True,False,False,True,1.04575682903351,16628.29428,17244.0,17244.0,4.0,Thu Dec  8 20:00:06 2022
False,False,False,False,0,0,17216.0,17216.0,4.0,Fri Dec  9 00:00:06 2022
False,False,False,False,0,0,17189.5,17189.5,4.0,Fri Dec  9 04:00:06 2022
False,False,False,False,0,0,17203.5,17203.5,4.0,Fri Dec  9 08:00:06 2022
False,False,False,False,0,0,17230.5,17230.5,4.0,Fri Dec  9 12:00:06 2022
False,False,False,False,0,0,17174.0,17174.0,4.0,Fri Dec  9 16:00:06 2022
False,False,False,False,0,0,17145.0,17145.0,4.0,Fri Dec  9 20:00:06 2022
False,False,False,False,0,0,17123.0,17123.0,4.0,Sat Dec 10 00:00:05 2022
False,False,False,False,0,0,17141.0,17141.0,4.0,Sat Dec 10 04:00:06 2022
False,False,False,False,0,0,17145.0,17145.0,4.0,Sat Dec 10 08:00:06 2022
False,False,False,False,0,0,17159.0,17159.0,4.0,Sat Dec 10 12:00:05 2022
False,False,False,False,0,0,17199.0,17199.0,4.0,Sat Dec 10 16:00:06 2022
False,False,False,False,0,0,17156.5,17156.5,4.0,Sat Dec 10 20:00:06 2022
False,False,False,False,0,0,17118.5,17118.5,4.0,Sun Dec 11 00:00:06 2022
False,False,False,False,0,0,17143.5,17143.5,4.0,Sun Dec 11 04:00:06 2022
False,False,False,False,0,0,17171.5,17171.5,4.0,Sun Dec 11 08:00:05 2022
False,False,False,False,0,0,17157.5,17157.5,4.0,Sun Dec 11 12:00:06 2022
False,False,False,False,0,0,17153.0,17153.0,4.0,Sun Dec 11 16:00:05 2022
False,False,False,False,0,0,17168.0,17168.0,4.0,Sun Dec 11 20:00:06 2022
False,False,False,False,0,0,17082.5,17082.5,4.0,Mon Dec 12 00:00:06 2022
False,True,True,False,1.44368000798836,17367.63991,16907.0,16907.0,4.0,Mon Dec 12 04:00:06 2022
False,False,False,False,0,0,16916.0,16916.0,4.0,Mon Dec 12 08:00:05 2022
False,False,False,False,0,0,16982.5,16982.5,4.0,Mon Dec 12 12:00:05 2022
False,False,False,False,0,0,16999.0,16999.0,4.0,Mon Dec 12 16:00:06 2022
False,False,False,False,0,0,17040.5,17040.5,4.0,Mon Dec 12 20:00:06 2022
False,False,False,False,0,0,17199.5,17199.5,4.0,Tue Dec 13 00:00:05 2022
False,False,False,False,0,0,17135.0,17135.0,4.0,Tue Dec 13 04:00:06 2022
False,False,False,False,0,0,17152.0,17152.0,4.0,Tue Dec 13 08:00:05 2022
True,False,False,True,1.42266983353717,16986.07441,17443.0,17443.0,4.0,Tue Dec 13 12:00:06 2022
True,False,False,True,0.865284996798499,16984.201695,17748.5,17748.5,4.0,Tue Dec 13 16:00:06 2022
False,False,False,False,0,0,17739.5,17739.5,4.0,Tue Dec 13 20:00:06 2022
False,False,False,False,0,0,17769.5,17769.5,4.0,Wed Dec 14 00:00:07 2022
False,False,False,False,0,0,17785.5,17785.5,4.0,Wed Dec 14 04:00:06 2022
False,False,False,False,0,0,17812.0,17812.0,4.0,Wed Dec 14 08:00:05 2022
False,False,False,False,0,0,17813.5,17813.5,4.0,Wed Dec 14 12:00:06 2022
False,False,False,False,0,0,18037.0,18037.0,4.0,Wed Dec 14 16:00:06 2022
False,False,False,False,0,0,17787.5,17787.5,4.0,Wed Dec 14 20:00:06 2022
False,False,False,False,0,0,17804.5,17804.5,4.0,Thu Dec 15 00:00:06 2022
False,False,False,False,0,0,17727.5,17727.5,4.0,Thu Dec 15 04:00:05 2022
False,False,False,False,0,0,17696.0,17696.0,4.0,Thu Dec 15 08:00:06 2022
False,False,False,False,0,0,17732.0,17732.0,4.0,Thu Dec 15 12:00:06 2022
False,False,False,False,0,0,17425.5,17425.5,4.0,Thu Dec 15 16:00:06 2022
False,False,False,False,0,0,17443.0,17443.0,4.0,Thu Dec 15 20:00:06 2022
False,False,False,False,0,0,17358.0,17358.0,4.0,Fri Dec 16 00:00:06 2022
False,False,False,False,0,0,17409.5,17409.5,4.0,Fri Dec 16 04:00:05 2022
False,False,False,False,0,0,17489.0,17489.0,4.0,Fri Dec 16 08:00:06 2022
False,True,True,False,1.11209208188779,17629.30808,17016.0,17016.0,4.0,Fri Dec 16 12:00:05 2022
False,False,False,False,0,0,16966.5,16966.5,4.0,Fri Dec 16 16:00:06 2022
False,True,True,False,0.909928253095913,17620.391645,16866.5,16866.5,4.0,Fri Dec 16 20:00:05 2022
False,False,False,False,0,0,16622.0,16622.0,4.0,Sat Dec 17 00:00:06 2022
False,False,False,False,0,0,16668.5,16668.5,4.0,Sat Dec 17 04:00:06 2022
False,False,False,False,0,0,16748.5,16748.5,4.0,Sat Dec 17 08:00:06 2022
False,False,False,False,0,0,16703.5,16703.5,4.0,Sat Dec 17 12:00:05 2022
False,False,False,False,0,0,16694.0,16694.0,4.0,Sat Dec 17 16:00:06 2022
False,False,False,False,0,0,16687.5,16687.5,4.0,Sat Dec 17 20:00:05 2022
False,False,False,False,0,0,16777.0,16777.0,4.0,Sun Dec 18 00:00:06 2022
False,False,False,False,0,0,16733.5,16733.5,4.0,Sun Dec 18 04:00:05 2022
False,False,False,False,0,0,16739.0,16739.0,4.0,Sun Dec 18 08:00:06 2022
False,False,False,False,0,0,16695.0,16695.0,4.0,Sun Dec 18 12:00:05 2022
False,False,False,False,0,0,16675.0,16675.0,4.0,Sun Dec 18 16:00:06 2022
False,False,False,False,0,0,16739.5,16739.5,4.0,Sun Dec 18 20:00:05 2022
False,False,False,False,0,0,16733.0,16733.0,4.0,Mon Dec 19 00:00:06 2022
False,False,False,False,0,0,16673.5,16673.5,4.0,Mon Dec 19 04:00:05 2022
False,False,False,False,0,0,16719.5,16719.5,4.0,Mon Dec 19 08:00:06 2022
False,False,False,False,0,0,16723.0,16723.0,4.0,Mon Dec 19 12:00:06 2022
False,False,False,False,0,0,16664.0,16664.0,4.0,Mon Dec 19 16:00:06 2022
False,True,True,False,1.92388611063322,16883.466825,16552.5,16552.5,4.0,Mon Dec 19 20:00:06 2022
False,True,True,False,1.50126867188549,16858.712835,16429.5,16429.5,4.0,Tue Dec 20 00:00:05 2022
False,False,False,False,0,0,16720.0,16720.0,4.0,Tue Dec 20 04:00:06 2022
False,False,False,False,0,0,16800.5,16800.5,4.0,Tue Dec 20 08:00:06 2022
False,False,False,False,0,0,16806.0,16806.0,4.0,Tue Dec 20 12:00:06 2022
False,False,False,False,0,0,16904.5,16904.5,4.0,Tue Dec 20 16:00:06 2022
False,False,False,False,0,0,16897.5,16897.5,4.0,Tue Dec 20 20:00:06 2022
False,False,False,False,0,0,16890.5,16890.5,4.0,Wed Dec 21 00:00:06 2022
False,False,False,False,0,0,16833.5,16833.5,4.0,Wed Dec 21 04:00:06 2022
False,False,False,False,0,0,16811.5,16811.5,4.0,Wed Dec 21 08:00:06 2022
False,False,False,False,0,0,16874.5,16874.5,4.0,Wed Dec 21 12:00:06 2022
False,False,False,False,0,0,16854.0,16854.0,4.0,Wed Dec 21 16:00:08 2022
False,False,False,False,0,0,16756.5,16756.5,4.0,Wed Dec 21 20:00:06 2022
False,False,False,False,0,0,16830.0,16830.0,4.0,Thu Dec 22 00:00:06 2022
False,False,False,False,0,0,16839.0,16839.0,4.0,Thu Dec 22 04:00:06 2022
False,False,False,False,0,0,16825.5,16825.5,4.0,Thu Dec 22 08:00:06 2022
False,False,False,False,0,0,16830.5,16830.5,4.0,Thu Dec 22 12:00:06 2022
False,False,False,False,0,0,16638.0,16638.0,4.0,Thu Dec 22 16:00:05 2022
False,False,False,False,0,0,16663.0,16663.0,4.0,Thu Dec 22 20:00:06 2022
False,False,False,False,0,0,16818.0,16818.0,4.0,Fri Dec 23 00:00:06 2022
False,False,False,False,0,0,16831.0,16831.0,4.0,Fri Dec 23 04:00:06 2022
False,False,False,False,0,0,16841.0,16841.0,4.0,Fri Dec 23 08:00:06 2022
False,False,False,False,0,0,16836.0,16836.0,4.0,Fri Dec 23 12:00:06 2022
False,False,False,False,0,0,16827.5,16827.5,4.0,Fri Dec 23 16:00:06 2022
False,False,False,False,0,0,16845.0,16845.0,4.0,Fri Dec 23 20:00:06 2022
False,False,False,False,0,0,16783.5,16783.5,4.0,Sat Dec 24 00:00:05 2022
False,False,False,False,0,0,16835.0,16835.0,4.0,Sat Dec 24 04:00:05 2022
False,False,False,False,0,0,16837.0,16837.0,4.0,Sat Dec 24 08:00:05 2022
False,False,False,False,0,0,16826.5,16826.5,4.0,Sat Dec 24 12:00:06 2022
False,False,False,False,0,0,16828.0,16828.0,4.0,Sat Dec 24 16:00:05 2022
False,False,False,False,0,0,16837.5,16837.5,4.0,Sat Dec 24 20:00:06 2022
False,False,False,False,0,0,16832.0,16832.0,4.0,Sun Dec 25 00:00:05 2022
False,False,False,False,0,0,16832.0,16832.0,4.0,Sun Dec 25 04:00:06 2022
False,False,False,False,0,0,16814.5,16814.5,4.0,Sun Dec 25 08:00:06 2022
False,False,False,False,0,0,16815.5,16815.5,4.0,Sun Dec 25 12:00:05 2022
False,False,False,False,0,0,16795.0,16795.0,4.0,Sun Dec 25 16:00:06 2022
False,False,False,False,0,0,16786.0,16786.0,4.0,Sun Dec 25 20:00:06 2022
False,False,False,False,0,0,16824.0,16824.0,4.0,Mon Dec 26 00:00:05 2022
False,False,False,False,0,0,16887.0,16887.0,4.0,Mon Dec 26 04:00:05 2022
False,False,False,False,0,0,16848.0,16848.0,4.0,Mon Dec 26 08:00:06 2022
False,False,False,False,0,0,16858.5,16858.5,4.0,Mon Dec 26 12:00:05 2022
False,False,False,False,0,0,16808.0,16808.0,4.0,Mon Dec 26 16:00:05 2022
False,False,False,False,0,0,16843.5,16843.5,4.0,Mon Dec 26 20:00:06 2022
False,False,False,False,0,0,16919.0,16919.0,4.0,Tue Dec 27 00:00:06 2022
False,False,False,False,0,0,16867.5,16867.5,4.0,Tue Dec 27 04:00:05 2022
False,False,False,False,0,0,16862.0,16862.0,4.0,Tue Dec 27 08:00:06 2022
False,False,False,False,0,0,16823.0,16823.0,4.0,Tue Dec 27 12:00:06 2022
False,False,False,False,0,0,16789.5,16789.5,4.0,Tue Dec 27 16:00:06 2022
False,True,True,False,2.09645180397331,16975.196295,16671.5,16671.5,4.0,Tue Dec 27 20:00:06 2022
False,False,False,False,0,0,16699.0,16699.0,4.0,Wed Dec 28 00:00:05 2022
False,False,False,False,0,0,16648.0,16648.0,4.0,Wed Dec 28 04:00:06 2022
False,False,False,False,0,0,16647.0,16647.0,4.0,Wed Dec 28 08:00:05 2022
False,False,False,False,0,0,16675.0,16675.0,4.0,Wed Dec 28 12:00:06 2022
False,False,False,False,0,0,16570.0,16570.0,4.0,Wed Dec 28 16:00:05 2022
False,False,False,False,0,0,16589.0,16589.0,4.0,Wed Dec 28 20:00:05 2022
False,True,True,False,1.89366084133331,16873.37181,16537.0,16537.0,4.0,Thu Dec 29 00:00:06 2022
False,False,False,False,0,0,16551.0,16551.0,4.0,Thu Dec 29 04:00:05 2022
False,False,False,False,0,0,16552.0,16552.0,4.0,Thu Dec 29 08:00:06 2022
False,False,False,False,0,0,16590.0,16590.0,4.0,Thu Dec 29 12:00:06 2022
False,False,False,False,0,0,16600.5,16600.5,4.0,Thu Dec 29 16:00:05 2022
False,False,False,False,0,0,16594.0,16594.0,4.0,Thu Dec 29 20:00:06 2022
False,False,False,False,0,0,16623.0,16623.0,4.0,Fri Dec 30 00:00:05 2022
False,False,False,False,0,0,16584.5,16584.5,4.0,Fri Dec 30 04:00:05 2022
False,False,False,False,0,0,16463.0,16463.0,4.0,Fri Dec 30 08:00:06 2022
False,False,False,False,0,0,16489.0,16489.0,4.0,Fri Dec 30 12:00:05 2022
False,False,False,False,0,0,16544.5,16544.5,4.0,Fri Dec 30 16:00:06 2022
False,False,False,False,0,0,16524.0,16524.0,4.0,Fri Dec 30 20:00:05 2022
False,False,False,False,0,0,16606.0,16606.0,4.0,Sat Dec 31 00:00:05 2022
False,False,False,False,0,0,16549.0,16549.0,4.0,Sat Dec 31 04:00:05 2022
False,False,False,False,0,0,16555.5,16555.5,4.0,Sat Dec 31 08:00:05 2022
False,False,False,False,0,0,16566.0,16566.0,4.0,Sat Dec 31 12:00:05 2022
False,False,False,False,0,0,16574.5,16574.5,4.0,Sat Dec 31 16:00:05 2022
False,False,False,False,0,0,16555.0,16555.0,4.0,Sat Dec 31 20:00:06 2022
False,False,False,False,0,0,16529.5,16529.5,4.0,Sun Jan  1 00:00:05 2023
False,False,False,False,0,0,16525.0,16525.0,4.0,Sun Jan  1 04:00:05 2023
False,False,False,False,0,0,16518.5,16518.5,4.0,Sun Jan  1 08:00:06 2023
False,False,False,False,0,0,16542.5,16542.5,4.0,Sun Jan  1 12:00:05 2023
False,False,False,False,0,0,16547.0,16547.0,4.0,Sun Jan  1 16:00:06 2023
False,False,False,False,0,0,16582.5,16582.5,4.0,Sun Jan  1 20:00:06 2023
False,False,False,False,0,0,16601.0,16601.0,4.0,Mon Jan  2 00:00:06 2023
False,False,False,False,0,0,16654.0,16654.0,4.0,Mon Jan  2 04:00:06 2023
False,False,False,False,0,0,16707.0,16707.0,4.0,Mon Jan  2 08:00:06 2023
False,False,False,False,0,0,16723.5,16723.5,4.0,Mon Jan  2 12:00:06 2023
False,False,False,False,0,0,16720.0,16720.0,4.0,Mon Jan  2 16:00:05 2023
False,False,False,False,0,0,16721.5,16721.5,4.0,Mon Jan  2 20:00:06 2023
False,False,False,False,0,0,16661.5,16661.5,4.0,Tue Jan  3 00:00:06 2023
False,False,False,False,0,0,16686.0,16686.0,4.0,Tue Jan  3 04:00:05 2023
False,False,False,False,0,0,16713.0,16713.0,4.0,Tue Jan  3 08:00:06 2023
False,False,False,False,0,0,16705.0,16705.0,4.0,Tue Jan  3 12:00:06 2023
False,False,False,False,0,0,16668.0,16668.0,4.0,Tue Jan  3 16:00:06 2023
False,False,False,False,0,0,16636.0,16636.0,4.0,Tue Jan  3 20:00:06 2023
False,False,False,False,0,0,16659.0,16659.0,4.0,Wed Jan  4 00:00:06 2023
False,False,False,False,0,0,16851.0,16851.0,4.0,Wed Jan  4 04:00:05 2023
False,False,False,False,0,0,16866.5,16866.5,4.0,Wed Jan  4 08:00:05 2023
False,False,False,False,0,0,16834.5,16834.5,4.0,Wed Jan  4 12:00:06 2023
False,False,False,False,0,0,16847.5,16847.5,4.0,Wed Jan  4 16:00:06 2023
False,False,False,False,0,0,16834.5,16834.5,4.0,Wed Jan  4 20:00:06 2023
False,False,False,False,0,0,16858.5,16858.5,4.0,Thu Jan  5 00:00:06 2023
False,False,False,False,0,0,16811.5,16811.5,4.0,Thu Jan  5 04:00:06 2023
False,False,False,False,0,0,16804.5,16804.5,4.0,Thu Jan  5 08:00:05 2023
False,False,False,False,0,0,16826.0,16826.0,4.0,Thu Jan  5 12:00:06 2023
False,False,False,False,0,0,16836.5,16836.5,4.0,Thu Jan  5 16:00:06 2023
False,False,False,False,0,0,16853.5,16853.5,4.0,Thu Jan  5 20:00:06 2023
False,False,False,False,0,0,16821.0,16821.0,4.0,Fri Jan  6 00:00:06 2023
False,False,False,False,0,0,16818.5,16818.5,4.0,Fri Jan  6 04:00:06 2023
False,False,False,False,0,0,16780.0,16780.0,4.0,Fri Jan  6 08:00:06 2023
False,False,False,False,0,0,16728.5,16728.5,4.0,Fri Jan  6 12:00:06 2023
False,False,False,False,0,0,16830.5,16830.5,4.0,Fri Jan  6 16:00:06 2023
False,False,False,False,0,0,16924.5,16924.5,4.0,Fri Jan  6 20:00:06 2023
False,False,False,False,0,0,16940.0,16940.0,4.0,Sat Jan  7 00:00:06 2023
False,False,False,False,0,0,16942.5,16942.5,4.0,Sat Jan  7 04:00:06 2023
False,False,False,False,0,0,16928.5,16928.5,4.0,Sat Jan  7 08:00:06 2023
False,False,False,False,0,0,16916.0,16916.0,4.0,Sat Jan  7 12:00:05 2023
False,False,False,False,0,0,16933.0,16933.0,4.0,Sat Jan  7 16:00:06 2023
False,False,False,False,0,0,16937.5,16937.5,4.0,Sat Jan  7 20:00:05 2023
False,False,False,False,0,0,16935.5,16935.5,4.0,Sun Jan  8 00:00:06 2023
False,False,False,False,0,0,16929.0,16929.0,4.0,Sun Jan  8 04:00:06 2023
False,False,False,False,0,0,16941.5,16941.5,4.0,Sun Jan  8 08:00:06 2023
False,False,False,False,0,0,16925.0,16925.0,4.0,Sun Jan  8 12:00:06 2023
False,False,False,False,0,0,16988.0,16988.0,4.0,Sun Jan  8 16:00:06 2023
False,False,False,False,0,0,16922.5,16922.5,4.0,Sun Jan  8 20:00:06 2023
True,False,False,True,2.06113926413984,16814.0544,17120.0,17120.0,4.0,Mon Jan  9 00:00:05 2023
True,False,False,True,1.66543683178838,16813.58239,17197.0,17197.0,4.0,Mon Jan  9 04:00:07 2023
False,False,False,False,0,0,17195.5,17195.5,4.0,Mon Jan  9 08:00:05 2023
False,False,False,False,0,0,17234.0,17234.0,4.0,Mon Jan  9 12:00:05 2023
False,False,False,False,0,0,17261.5,17261.5,4.0,Mon Jan  9 16:00:06 2023
False,False,False,False,0,0,17285.5,17285.5,4.0,Mon Jan  9 20:00:06 2023
False,False,False,False,0,0,17175.0,17175.0,4.0,Tue Jan 10 00:00:07 2023
False,False,False,False,0,0,17196.5,17196.5,4.0,Tue Jan 10 04:00:06 2023
False,False,False,False,0,0,17195.0,17195.0,4.0,Tue Jan 10 08:00:06 2023
False,False,False,False,0,0,20854.5,20854.5,4.0,Sun Jan 15 20:00:06 2023
False,False,False,False,0,0,20879.5,20879.5,4.0,Mon Jan 16 00:00:06 2023
False,False,False,False,0,0,21081.0,21081.0,4.0,Mon Jan 16 04:00:06 2023
False,False,False,False,0,0,21112.0,21112.0,4.0,Mon Jan 16 08:00:06 2023
False,False,False,False,0,0,20834.5,20834.5,4.0,Mon Jan 16 12:00:06 2023
False,False,False,False,0,0,20992.0,20992.0,4.0,Mon Jan 16 16:00:06 2023
False,False,False,False,0,0,21316.0,21316.0,4.0,Mon Jan 16 20:00:06 2023
False,False,False,False,0,0,21196.5,21196.5,4.0,Tue Jan 17 00:00:05 2023
False,False,False,False,0,0,21126.0,21126.0,4.0,Tue Jan 17 04:00:06 2023
False,False,False,False,0,0,21140.5,21140.5,4.0,Tue Jan 17 08:00:06 2023
False,False,False,False,0,0,21224.5,21224.5,4.0,Tue Jan 17 12:00:06 2023
False,False,False,False,0,0,21177.0,21177.0,4.0,Tue Jan 17 16:00:05 2023
False,False,False,False,0,0,21331.0,21331.0,4.0,Tue Jan 17 20:00:06 2023
False,False,False,False,0,0,21125.5,21125.5,4.0,Wed Jan 18 00:00:06 2023
False,False,False,False,0,0,21259.0,21259.0,4.0,Wed Jan 18 04:00:05 2023
False,False,False,False,0,0,21299.5,21299.5,4.0,Wed Jan 18 08:00:05 2023
False,False,False,False,0,0,21202.5,21202.5,4.0,Wed Jan 18 12:00:06 2023
False,False,False,False,0,0,21037.0,21037.0,4.0,Wed Jan 18 16:00:06 2023
False,True,True,False,0.9637054907884,21770.5193,20892.5,20892.5,4.0,Wed Jan 18 20:00:05 2023
False,False,False,False,0,0,20673.0,20673.0,4.0,Thu Jan 19 00:00:06 2023
False,False,False,False,0,0,20740.5,20740.5,4.0,Thu Jan 19 04:00:05 2023
False,False,False,False,0,0,20805.5,20805.5,4.0,Thu Jan 19 08:00:06 2023
False,False,False,False,0,0,20735.0,20735.0,4.0,Thu Jan 19 12:00:06 2023
False,False,False,False,0,0,20867.0,20867.0,4.0,Thu Jan 19 16:00:06 2023
False,False,False,False,0,0,21090.5,21090.5,4.0,Thu Jan 19 20:00:06 2023
False,False,False,False,0,0,21068.0,21068.0,4.0,Fri Jan 20 00:00:06 2023
False,False,False,False,0,0,21081.0,21081.0,4.0,Fri Jan 20 04:00:07 2023
False,False,False,False,0,0,20951.5,20951.5,4.0,Fri Jan 20 08:00:06 2023
False,False,False,False,0,0,20960.5,20960.5,4.0,Fri Jan 20 12:00:06 2023
False,False,False,False,0,0,21138.5,21138.5,4.0,Fri Jan 20 16:00:06 2023
False,False,False,False,0,0,21492.5,21492.5,4.0,Fri Jan 20 20:00:06 2023
True,False,False,True,0.450906017759496,20827.01494,22648.5,22648.5,4.0,Sat Jan 21 00:00:05 2023
False,False,False,False,0,0,22554.0,22554.0,4.0,Sat Jan 21 04:00:05 2023
False,False,False,False,0,0,22647.5,22647.5,4.0,Sat Jan 21 08:00:05 2023
True,False,False,True,1.42725423300077,22305.49514,22903.5,22903.5,4.0,Sat Jan 21 12:00:05 2023
False,False,False,False,0,0,22999.0,22999.0,4.0,Sat Jan 21 16:00:05 2023
False,False,False,False,0,0,23283.5,23283.5,4.0,Sat Jan 21 20:00:05 2023
False,False,False,False,0,0,22788.0,22788.0,4.0,Sun Jan 22 00:00:06 2023
False,False,False,False,0,0,22753.0,22753.0,4.0,Sun Jan 22 04:00:06 2023
False,False,False,False,0,0,22891.5,22891.5,4.0,Sun Jan 22 08:00:06 2023
False,False,False,False,0,0,22801.0,22801.0,4.0,Sun Jan 22 12:00:05 2023
False,False,False,False,0,0,22790.5,22790.5,4.0,Sun Jan 22 16:00:05 2023
False,False,False,False,0,0,22725.5,22725.5,4.0,Sun Jan 22 20:00:05 2023
False,False,False,False,0,0,22714.0,22714.0,4.0,Mon Jan 23 00:00:05 2023
False,False,False,False,0,0,22654.5,22654.5,4.0,Mon Jan 23 04:00:05 2023
False,False,False,False,0,0,22705.5,22705.5,4.0,Mon Jan 23 08:00:06 2023
False,False,False,False,0,0,22923.5,22923.5,4.0,Mon Jan 23 12:00:06 2023
False,False,False,False,0,0,22858.0,22858.0,4.0,Mon Jan 23 16:00:06 2023
False,False,False,False,0,0,22797.0,22797.0,4.0,Mon Jan 23 20:00:06 2023
False,False,False,False,0,0,22930.0,22930.0,4.0,Tue Jan 24 00:00:06 2023
False,False,False,False,0,0,23082.5,23082.5,4.0,Tue Jan 24 04:00:06 2023
False,False,False,False,0,0,23054.0,23054.0,4.0,Tue Jan 24 08:00:05 2023
False,False,False,False,0,0,22922.5,22922.5,4.0,Tue Jan 24 12:00:06 2023
False,False,False,False,0,0,22933.5,22933.5,4.0,Tue Jan 24 16:00:06 2023
False,False,False,False,0,0,23024.5,23024.5,4.0,Tue Jan 24 20:00:06 2023
False,False,False,False,0,0,22644.0,22644.0,4.0,Wed Jan 25 00:00:06 2023
False,False,False,False,0,0,22650.0,22650.0,4.0,Wed Jan 25 04:00:06 2023
False,False,False,False,0,0,22729.5,22729.5,4.0,Wed Jan 25 08:00:06 2023
False,False,False,False,0,0,22611.5,22611.5,4.0,Wed Jan 25 12:00:06 2023
False,False,False,False,0,0,22604.0,22604.0,4.0,Wed Jan 25 16:00:06 2023
False,False,False,False,0,0,22765.0,22765.0,4.0,Wed Jan 25 20:00:06 2023
True,False,False,True,1.01465218177999,22210.56836,23059.0,23059.0,4.0,Thu Jan 26 00:00:06 2023
False,False,False,False,0,0,23132.5,23132.5,4.0,Thu Jan 26 04:00:05 2023
False,False,False,False,0,0,22972.0,22972.0,4.0,Thu Jan 26 08:00:06 2023
False,False,False,False,0,0,22992.0,22992.0,4.0,Thu Jan 26 12:00:09 2023
False,False,False,False,0,0,22959.0,22959.0,4.0,Thu Jan 26 16:00:05 2023
False,False,False,False,0,0,23070.5,23070.5,4.0,Thu Jan 26 20:00:05 2023
False,False,False,False,0,0,23008.5,23008.5,4.0,Fri Jan 27 00:00:06 2023
False,False,False,False,0,0,22772.5,22772.5,4.0,Fri Jan 27 04:00:05 2023
False,False,False,False,0,0,23073.5,23073.5,4.0,Fri Jan 27 08:00:06 2023
False,False,False,False,0,0,22966.0,22966.0,4.0,Fri Jan 27 12:00:05 2023
False,False,False,False,0,0,22931.5,22931.5,4.0,Fri Jan 27 16:00:05 2023
False,False,False,False,0,0,23252.0,23252.0,4.0,Fri Jan 27 20:00:06 2023
False,False,False,False,0,0,23081.0,23081.0,4.0,Sat Jan 28 00:00:06 2023
False,False,False,False,0,0,23115.0,23115.0,4.0,Sat Jan 28 04:00:05 2023
False,False,False,False,0,0,22994.0,22994.0,4.0,Sat Jan 28 08:00:06 2023
False,False,False,False,0,0,22985.0,22985.0,4.0,Sat Jan 28 12:00:06 2023
False,False,False,False,0,0,23005.0,23005.0,4.0,Sat Jan 28 16:00:05 2023
False,False,False,False,0,0,23043.5,23043.5,4.0,Sat Jan 28 20:00:06 2023
False,False,False,False,0,0,23021.5,23021.5,4.0,Sun Jan 29 00:00:06 2023
False,False,False,False,0,0,23195.5,23195.5,4.0,Sun Jan 29 04:00:05 2023
False,False,False,False,0,0,23199.5,23199.5,4.0,Sun Jan 29 08:00:06 2023
False,False,False,False,0,0,23442.0,23442.0,4.0,Sun Jan 29 12:00:05 2023
False,False,False,False,0,0,23531.5,23531.5,4.0,Sun Jan 29 16:00:06 2023
False,False,False,False,0,0,23906.5,23906.5,4.0,Sun Jan 29 20:00:06 2023
False,False,False,False,0,0,23745.5,23745.5,4.0,Mon Jan 30 00:00:06 2023
False,False,False,False,0,0,23707.5,23707.5,4.0,Mon Jan 30 04:00:06 2023
False,False,False,False,0,0,23652.0,23652.0,4.0,Mon Jan 30 08:00:06 2023
False,False,False,False,0,0,23087.5,23087.5,4.0,Mon Jan 30 12:00:05 2023
False,False,False,False,0,0,23185.5,23185.5,4.0,Mon Jan 30 16:00:06 2023
False,False,False,False,0,0,22795.5,22795.5,4.0,Mon Jan 30 20:00:06 2023
False,False,False,False,0,0,22832.5,22832.5,4.0,Tue Jan 31 00:00:05 2023
False,False,False,False,0,0,22831.5,22831.5,4.0,Tue Jan 31 04:00:05 2023
False,False,False,False,0,0,22984.0,22984.0,4.0,Tue Jan 31 08:00:06 2023
False,False,False,False,0,0,22872.0,22872.0,4.0,Tue Jan 31 12:00:30 2023
False,False,False,False,0,0,23125.0,23125.0,4.0,Tue Jan 31 16:00:05 2023
False,False,False,False,0,0,23179.0,23179.0,4.0,Tue Jan 31 20:00:05 2023
False,False,False,False,0,0,23138.5,23138.5,4.0,Wed Feb  1 00:00:06 2023
False,False,False,False,0,0,23137.5,23137.5,4.0,Wed Feb  1 04:00:06 2023
False,False,False,False,0,0,23084.0,23084.0,4.0,Wed Feb  1 08:00:05 2023
False,False,False,False,0,0,23089.0,23089.0,4.0,Wed Feb  1 12:00:06 2023
False,False,False,False,0,0,22997.5,22997.5,4.0,Wed Feb  1 16:00:06 2023
False,False,False,False,0,0,23384.5,23384.5,4.0,Wed Feb  1 20:00:06 2023
True,False,False,True,0.796867598330635,22626.54238,23734.5,23734.5,4.0,Thu Feb  2 00:00:06 2023
True,False,False,True,0.707490372240245,22625.69308,23877.0,23877.0,4.0,Thu Feb  2 04:00:05 2023
False,False,False,False,0,0,23802.0,23802.0,4.0,Thu Feb  2 08:00:06 2023
False,False,False,False,0,0,23833.5,23833.5,4.0,Thu Feb  2 12:00:06 2023
False,False,False,False,0,0,23864.0,23864.0,4.0,Thu Feb  2 16:00:05 2023
False,False,False,False,0,0,23841.0,23841.0,4.0,Thu Feb  2 20:00:06 2023
False,False,False,False,0,0,23502.0,23502.0,4.0,Fri Feb  3 00:00:06 2023
False,False,False,False,0,0,23582.0,23582.0,4.0,Fri Feb  3 04:00:06 2023
False,False,False,False,0,0,23457.5,23457.5,4.0,Fri Feb  3 08:00:06 2023
False,False,False,False,0,0,23549.0,23549.0,4.0,Fri Feb  3 12:00:06 2023
False,False,False,False,0,0,23618.5,23618.5,4.0,Fri Feb  3 16:00:06 2023
False,False,False,False,0,0,23327.0,23327.0,4.0,Fri Feb  3 20:00:06 2023
False,False,False,False,0,0,23445.0,23445.0,4.0,Sat Feb  4 00:00:06 2023
False,False,False,False,0,0,23355.5,23355.5,4.0,Sat Feb  4 04:00:06 2023
False,False,False,False,0,0,23326.0,23326.0,4.0,Sat Feb  4 08:00:06 2023
False,False,False,False,0,0,23371.0,23371.0,4.0,Sat Feb  4 12:00:06 2023
False,False,False,False,0,0,23419.0,23419.0,4.0,Sat Feb  4 16:00:06 2023
False,False,False,False,0,0,23444.5,23444.5,4.0,Sat Feb  4 20:00:06 2023
False,False,False,False,0,0,23324.0,23324.0,4.0,Sun Feb  5 00:00:05 2023
False,False,False,False,0,0,23350.0,23350.0,4.0,Sun Feb  5 04:00:06 2023
False,False,False,False,0,0,23386.0,23386.0,4.0,Sun Feb  5 08:00:05 2023
False,False,False,False,0,0,23369.5,23369.5,4.0,Sun Feb  5 12:00:06 2023
False,False,False,False,0,0,23110.5,23110.5,4.0,Sun Feb  5 16:00:06 2023
False,True,True,False,1.38090592762262,23557.50188,22903.0,22903.0,4.0,Sun Feb  5 20:00:06 2023
False,False,False,False,0,0,22945.0,22945.0,4.0,Mon Feb  6 00:00:05 2023
False,False,False,False,0,0,22902.0,22902.0,4.0,Mon Feb  6 04:00:06 2023
False,False,False,False,0,0,22889.5,22889.5,4.0,Mon Feb  6 08:00:06 2023
False,False,False,False,0,0,22889.5,22889.5,4.0,Mon Feb  6 12:00:06 2023
False,False,False,False,0,0,23046.5,23046.5,4.0,Mon Feb  6 16:00:06 2023
False,False,False,False,0,0,23029.0,23029.0,4.0,Mon Feb  6 20:00:06 2023
False,False,False,False,0,0,22753.5,22753.5,4.0,Tue Feb  7 00:00:06 2023
False,False,False,False,0,0,22872.5,22872.5,4.0,Tue Feb  7 04:00:05 2023
False,False,False,False,0,0,22903.0,22903.0,4.0,Tue Feb  7 08:00:06 2023
False,False,False,False,0,0,22969.0,22969.0,4.0,Tue Feb  7 12:00:06 2023
False,False,False,False,0,0,22907.5,22907.5,4.0,Tue Feb  7 16:00:06 2023
False,False,False,False,0,0,23100.5,23100.5,4.0,Tue Feb  7 20:00:06 2023
False,False,False,False,0,0,23245.5,23245.5,4.0,Wed Feb  8 00:00:05 2023
False,False,False,False,0,0,23252.0,23252.0,4.0,Wed Feb  8 04:00:06 2023
False,False,False,False,0,0,23239.0,23239.0,4.0,Wed Feb  8 08:00:06 2023
False,False,False,False,0,0,23164.5,23164.5,4.0,Wed Feb  8 12:00:06 2023
False,False,False,False,0,0,22873.5,22873.5,4.0,Wed Feb  8 16:00:06 2023
False,False,False,False,0,0,22880.0,22880.0,4.0,Wed Feb  8 20:00:05 2023
False,False,False,False,0,0,22969.5,22969.5,4.0,Thu Feb  9 00:00:06 2023
False,False,False,False,0,0,22510.5,22510.5,4.0,Thu Feb  9 04:00:06 2023
False,False,False,False,0,0,22671.0,22671.0,4.0,Thu Feb  9 08:00:06 2023
False,False,False,False,0,0,22684.5,22684.5,4.0,Thu Feb  9 12:00:06 2023
False,False,False,False,0,0,22601.5,22601.5,4.0,Thu Feb  9 16:00:06 2023
False,True,True,False,0.975304553402279,22952.34648,22038.0,22038.0,4.0,Thu Feb  9 20:00:06 2023
False,False,False,False,0,0,21798.0,21798.0,4.0,Fri Feb 10 00:00:06 2023
False,False,False,False,0,0,21823.5,21823.5,4.0,Fri Feb 10 04:00:06 2023
False,False,False,False,0,0,21918.5,21918.5,4.0,Fri Feb 10 08:00:09 2023
False,False,False,False,0,0,21735.5,21735.5,4.0,Fri Feb 10 12:00:09 2023
False,False,False,False,0,0,21656.0,21656.0,4.0,Fri Feb 10 16:00:06 2023
False,False,False,False,0,0,21781.0,21781.0,4.0,Fri Feb 10 20:00:06 2023
False,False,False,False,0,0,21633.0,21633.0,4.0,Sat Feb 11 00:00:05 2023
False,False,False,False,0,0,21678.0,21678.0,4.0,Sat Feb 11 04:00:06 2023
False,False,False,False,0,0,21693.5,21693.5,4.0,Sat Feb 11 08:00:06 2023
False,False,False,False,0,0,21688.5,21688.5,4.0,Sat Feb 11 12:00:05 2023
False,False,False,False,0,0,21710.5,21710.5,4.0,Sat Feb 11 16:00:06 2023
False,False,False,False,0,0,21661.5,21661.5,4.0,Sat Feb 11 20:00:06 2023
False,False,False,False,0,0,21843.5,21843.5,4.0,Sun Feb 12 00:00:06 2023
False,False,False,False,0,0,21770.5,21770.5,4.0,Sun Feb 12 04:00:06 2023
False,False,False,False,0,0,21789.0,21789.0,4.0,Sun Feb 12 08:00:05 2023
False,False,False,False,0,0,21874.5,21874.5,4.0,Sun Feb 12 12:00:06 2023
False,False,False,False,0,0,21935.5,21935.5,4.0,Sun Feb 12 16:00:06 2023
False,False,False,False,0,0,22003.5,22003.5,4.0,Sun Feb 12 20:00:07 2023
False,False,False,False,0,0,21779.0,21779.0,4.0,Mon Feb 13 00:00:06 2023
False,False,False,False,0,0,21805.5,21805.5,4.0,Mon Feb 13 04:00:05 2023
False,False,False,False,0,0,21887.5,21887.5,4.0,Mon Feb 13 08:00:06 2023
False,False,False,False,0,0,21619.5,21619.5,4.0,Mon Feb 13 12:00:06 2023
False,False,False,False,0,0,21586.0,21586.0,4.0,Mon Feb 13 16:00:05 2023
False,False,False,False,0,0,21627.0,21627.0,4.0,Mon Feb 13 20:00:06 2023
False,False,False,False,0,0,21774.5,21774.5,4.0,Tue Feb 14 00:00:06 2023
False,False,False,False,0,0,21700.0,21700.0,4.0,Tue Feb 14 04:00:05 2023
False,False,False,False,0,0,21766.5,21766.5,4.0,Tue Feb 14 08:00:08 2023
False,False,False,False,0,0,21803.0,21803.0,4.0,Tue Feb 14 12:00:06 2023
True,False,False,True,1.32007933305784,21437.51644,22061.0,22061.0,4.0,Tue Feb 14 16:00:06 2023
False,False,False,False,0,0,22228.0,22228.0,4.0,Tue Feb 14 20:00:05 2023
False,False,False,False,0,0,22200.5,22200.5,4.0,Wed Feb 15 00:00:05 2023
False,False,False,False,0,0,22108.5,22108.5,4.0,Wed Feb 15 04:00:06 2023
False,False,False,False,0,0,22111.0,22111.0,4.0,Wed Feb 15 08:00:06 2023
False,False,False,False,0,0,22438.5,22438.5,4.0,Wed Feb 15 12:00:06 2023
True,False,False,True,0.997969223449785,21949.10008,22802.0,22802.0,4.0,Wed Feb 15 16:00:06 2023
True,False,False,True,0.635082828168342,21960.03664,23316.0,23316.0,4.0,Wed Feb 15 20:00:06 2023
True,False,False,True,0.433047236577402,22313.89188,24347.0,24347.0,4.0,Thu Feb 16 00:00:06 2023
True,False,False,True,0.41852594097953,22609.53768,24742.0,24742.0,4.0,Thu Feb 16 04:00:06 2023
False,False,False,False,0,0,24625.0,24625.0,4.0,Thu Feb 16 08:00:06 2023
False,False,False,False,0,0,24605.5,24605.5,4.0,Thu Feb 16 12:00:06 2023
False,False,False,False,0,0,25100.5,25100.5,4.0,Thu Feb 16 16:00:06 2023
False,False,False,False,0,0,24899.0,24899.0,4.0,Thu Feb 16 20:00:05 2023
False,False,False,False,0,0,23527.0,23527.0,4.0,Fri Feb 17 00:00:05 2023
False,False,False,False,0,0,23849.5,23849.5,4.0,Fri Feb 17 04:00:05 2023
False,False,False,False,0,0,23649.5,23649.5,4.0,Fri Feb 17 08:00:06 2023
False,False,False,False,0,0,23800.5,23800.5,4.0,Fri Feb 17 12:00:06 2023
False,False,False,False,0,0,24137.0,24137.0,4.0,Fri Feb 17 16:00:06 2023
False,False,False,False,0,0,24539.5,24539.5,4.0,Fri Feb 17 20:00:09 2023
False,False,False,False,0,0,24589.0,24589.0,4.0,Sat Feb 18 00:00:05 2023
False,False,False,False,0,0,24629.5,24629.5,4.0,Sat Feb 18 04:00:06 2023
False,False,False,False,0,0,24520.0,24520.0,4.0,Sat Feb 18 08:00:05 2023
False,False,False,False,0,0,24527.5,24527.5,4.0,Sat Feb 18 12:00:06 2023
False,False,False,False,0,0,24671.0,24671.0,4.0,Sat Feb 18 16:00:06 2023
False,False,False,False,0,0,24612.0,24612.0,4.0,Sat Feb 18 20:00:05 2023
False,False,False,False,0,0,24647.5,24647.5,4.0,Sun Feb 19 00:00:20 2023
False,False,False,False,0,0,24678.0,24678.0,4.0,Sun Feb 19 04:00:06 2023
False,False,False,False,0,0,24593.0,24593.0,4.0,Sun Feb 19 08:00:06 2023
False,False,False,False,0,0,24686.5,24686.5,4.0,Sun Feb 19 12:00:05 2023
False,False,False,False,0,0,24933.5,24933.5,4.0,Sun Feb 19 16:00:06 2023
False,False,False,False,0,0,24519.5,24519.5,4.0,Sun Feb 19 20:00:06 2023
False,False,False,False,0,0,24283.0,24283.0,4.0,Mon Feb 20 00:00:06 2023
False,False,False,False,0,0,24429.0,24429.0,4.0,Mon Feb 20 04:00:05 2023
False,False,False,False,0,0,24520.5,24520.5,4.0,Mon Feb 20 08:00:06 2023
False,False,False,False,0,0,24898.0,24898.0,4.0,Mon Feb 20 12:00:06 2023
False,False,False,False,0,0,24968.5,24968.5,4.0,Mon Feb 20 16:00:06 2023
False,False,False,False,0,0,24903.0,24903.0,4.0,Mon Feb 20 20:00:06 2023
False,False,False,False,0,0,24868.5,24868.5,4.0,Tue Feb 21 00:00:05 2023
False,False,False,False,0,0,24944.5,24944.5,4.0,Tue Feb 21 04:00:06 2023
False,False,False,False,0,0,25010.5,25010.5,4.0,Tue Feb 21 08:00:06 2023
False,False,False,False,0,0,24586.0,24586.0,4.0,Tue Feb 21 12:00:06 2023
False,False,False,False,0,0,24572.5,24572.5,4.0,Tue Feb 21 16:00:06 2023
False,False,False,False,0,0,24620.5,24620.5,4.0,Tue Feb 21 20:00:05 2023
False,False,False,False,0,0,24469.5,24469.5,4.0,Wed Feb 22 00:00:06 2023
False,False,False,False,0,0,24206.5,24206.5,4.0,Wed Feb 22 04:00:06 2023
False,False,False,False,0,0,24063.0,24063.0,4.0,Wed Feb 22 08:00:06 2023
False,False,False,False,0,0,24180.0,24180.0,4.0,Wed Feb 22 12:00:06 2023
False,False,False,False,0,0,23732.5,23732.5,4.0,Wed Feb 22 16:00:06 2023
False,False,False,False,0,0,23804.0,23804.0,4.0,Wed Feb 22 20:00:06 2023
False,False,False,False,0,0,24196.0,24196.0,4.0,Thu Feb 23 00:00:06 2023
False,False,False,False,0,0,24463.0,24463.0,4.0,Thu Feb 23 04:00:06 2023
False,False,False,False,0,0,24384.5,24384.5,4.0,Thu Feb 23 08:00:06 2023
False,False,False,False,0,0,23791.0,23791.0,4.0,Thu Feb 23 12:00:06 2023
False,False,False,False,0,0,23962.0,23962.0,4.0,Thu Feb 23 16:00:06 2023
False,False,False,False,0,0,23995.0,23995.0,4.0,Thu Feb 23 20:00:05 2023
False,False,False,False,0,0,23953.5,23953.5,4.0,Fri Feb 24 00:00:06 2023
False,False,False,False,0,0,23958.5,23958.5,4.0,Fri Feb 24 04:00:06 2023
False,False,False,False,0,0,23852.0,23852.0,4.0,Fri Feb 24 08:00:05 2023
False,False,False,False,0,0,23902.5,23902.5,4.0,Fri Feb 24 12:00:05 2023
False,False,False,False,0,0,23353.5,23353.5,4.0,Fri Feb 24 16:00:06 2023
False,True,True,False,0.955951520839775,24163.15578,23180.5,23180.5,4.0,Fri Feb 24 20:00:06 2023
False,False,False,False,0,0,23192.5,23192.5,4.0,Sat Feb 25 00:00:06 2023
False,False,False,False,0,0,23083.0,23083.0,4.0,Sat Feb 25 04:00:05 2023
False,False,False,False,0,0,23126.5,23126.5,4.0,Sat Feb 25 08:00:06 2023
False,False,False,False,0,0,22995.0,22995.0,4.0,Sat Feb 25 12:00:06 2023
False,False,False,False,0,0,23011.0,23011.0,4.0,Sat Feb 25 16:00:05 2023
False,False,False,False,0,0,22991.0,22991.0,4.0,Sat Feb 25 20:00:06 2023
False,False,False,False,0,0,23159.0,23159.0,4.0,Sun Feb 26 00:00:05 2023
False,False,False,False,0,0,23215.0,23215.0,4.0,Sun Feb 26 04:00:05 2023
False,False,False,False,0,0,23148.0,23148.0,4.0,Sun Feb 26 08:00:06 2023
False,False,False,False,0,0,23244.5,23244.5,4.0,Sun Feb 26 12:00:06 2023
False,False,False,False,0,0,23247.5,23247.5,4.0,Sun Feb 26 16:00:05 2023
False,False,False,False,0,0,23499.0,23499.0,4.0,Sun Feb 26 20:00:06 2023
False,False,False,False,0,0,23553.5,23553.5,4.0,Mon Feb 27 00:00:06 2023
False,False,False,False,0,0,23545.0,23545.0,4.0,Mon Feb 27 04:00:05 2023
False,False,False,False,0,0,23418.0,23418.0,4.0,Mon Feb 27 08:00:06 2023
False,False,False,False,0,0,23428.0,23428.0,4.0,Mon Feb 27 12:00:06 2023
False,False,False,False,0,0,23550.0,23550.0,4.0,Mon Feb 27 16:00:06 2023
False,False,False,False,0,0,23281.5,23281.5,4.0,Mon Feb 27 20:00:05 2023
False,False,False,False,0,0,23486.0,23486.0,4.0,Tue Feb 28 00:00:06 2023
False,False,False,False,0,0,23448.5,23448.5,4.0,Tue Feb 28 04:00:06 2023
False,False,False,False,0,0,23218.5,23218.5,4.0,Tue Feb 28 08:00:06 2023
False,False,False,False,0,0,23392.5,23392.5,4.0,Tue Feb 28 12:00:05 2023
False,False,False,False,0,0,23510.5,23510.5,4.0,Tue Feb 28 16:00:06 2023
False,False,False,False,0,0,23254.0,23254.0,4.0,Tue Feb 28 20:00:06 2023
False,False,False,False,0,0,23134.0,23134.0,4.0,Wed Mar  1 00:00:06 2023
False,False,False,False,0,0,23446.0,23446.0,4.0,Wed Mar  1 04:00:07 2023
False,False,False,False,0,0,23717.0,23717.0,4.0,Wed Mar  1 08:00:06 2023
False,False,False,False,0,0,23733.5,23733.5,4.0,Wed Mar  1 12:00:06 2023
False,False,False,False,0,0,23714.5,23714.5,4.0,Wed Mar  1 16:00:06 2023
False,False,False,False,0,0,23357.0,23357.0,4.0,Wed Mar  1 20:00:05 2023
False,False,False,False,0,0,23640.0,23640.0,4.0,Thu Mar  2 00:00:06 2023
False,False,False,False,0,0,23497.0,23497.0,4.0,Thu Mar  2 04:00:06 2023
False,False,False,False,0,0,23390.5,23390.5,4.0,Thu Mar  2 08:00:06 2023
False,False,False,False,0,0,23414.0,23414.0,4.0,Thu Mar  2 12:00:06 2023
False,False,False,False,0,0,23359.5,23359.5,4.0,Thu Mar  2 16:00:06 2023
False,False,False,False,0,0,23466.0,23466.0,4.0,Thu Mar  2 20:00:06 2023
False,False,False,False,0,0,23462.0,23462.0,4.0,Fri Mar  3 00:00:06 2023
False,True,True,False,0.671547181973617,23698.9974,22315.0,22315.0,4.0,Fri Mar  3 04:00:06 2023
False,False,False,False,0,0,22357.5,22357.5,4.0,Fri Mar  3 08:00:06 2023
False,False,False,False,0,0,22347.0,22347.0,4.0,Fri Mar  3 12:00:06 2023
False,False,False,False,0,0,22326.5,22326.5,4.0,Fri Mar  3 16:00:05 2023
False,False,False,False,0,0,22354.5,22354.5,4.0,Fri Mar  3 20:00:06 2023
False,False,False,False,0,0,22349.5,22349.5,4.0,Sat Mar  4 00:00:06 2023
False,False,False,False,0,0,22350.0,22350.0,4.0,Sat Mar  4 04:00:06 2023
False,False,False,False,0,0,22357.5,22357.5,4.0,Sat Mar  4 08:00:05 2023
False,False,False,False,0,0,22347.0,22347.0,4.0,Sat Mar  4 12:00:06 2023
False,False,False,False,0,0,22310.0,22310.0,4.0,Sat Mar  4 16:00:06 2023
False,False,False,False,0,0,22248.0,22248.0,4.0,Sat Mar  4 20:00:06 2023
False,False,False,False,0,0,22346.0,22346.0,4.0,Sun Mar  5 00:00:06 2023
False,False,False,False,0,0,22379.5,22379.5,4.0,Sun Mar  5 04:00:06 2023
False,False,False,False,0,0,22377.0,22377.0,4.0,Sun Mar  5 08:00:05 2023
False,False,False,False,0,0,22385.5,22385.5,4.0,Sun Mar  5 12:00:06 2023
False,False,False,False,0,0,22421.0,22421.0,4.0,Sun Mar  5 16:00:06 2023
False,False,False,False,0,0,22392.5,22392.5,4.0,Sun Mar  5 20:00:07 2023
False,False,False,False,0,0,22421.5,22421.5,4.0,Mon Mar  6 00:00:05 2023
False,False,False,False,0,0,22369.5,22369.5,4.0,Mon Mar  6 04:00:06 2023
False,False,False,False,0,0,22377.5,22377.5,4.0,Mon Mar  6 08:00:05 2023
False,False,False,False,0,0,22375.5,22375.5,4.0,Mon Mar  6 12:00:06 2023
False,False,False,False,0,0,22543.5,22543.5,4.0,Mon Mar  6 16:00:06 2023
False,False,False,False,0,0,22380.0,22380.0,4.0,Mon Mar  6 20:00:05 2023
False,False,False,False,0,0,22393.0,22393.0,4.0,Tue Mar  7 00:00:06 2023
False,False,False,False,0,0,22452.0,22452.0,4.0,Tue Mar  7 04:00:05 2023
False,False,False,False,0,0,22416.0,22416.0,4.0,Tue Mar  7 08:00:05 2023
False,False,False,False,0,0,22341.5,22341.5,4.0,Tue Mar  7 12:00:06 2023
False,False,False,False,0,0,22318.0,22318.0,4.0,Tue Mar  7 16:00:06 2023
False,False,False,False,0,0,22123.0,22123.0,4.0,Tue Mar  7 20:00:06 2023
False,False,False,False,0,0,22188.0,22188.0,4.0,Wed Mar  8 00:00:06 2023
False,False,False,False,0,0,22139.5,22139.5,4.0,Wed Mar  8 04:00:05 2023
False,False,False,False,0,0,21954.0,21954.0,4.0,Wed Mar  8 08:00:06 2023
False,False,False,False,0,0,22063.5,22063.5,4.0,Wed Mar  8 12:00:06 2023
False,False,False,False,0,0,22133.5,22133.5,4.0,Wed Mar  8 16:00:06 2023
False,False,False,False,0,0,21982.5,21982.5,4.0,Wed Mar  8 20:00:06 2023
False,False,False,False,0,0,21682.5,21682.5,4.0,Thu Mar  9 00:00:05 2023
False,False,False,False,0,0,21754.0,21754.0,4.0,Thu Mar  9 04:00:06 2023
False,False,False,False,0,0,21674.5,21674.5,4.0,Thu Mar  9 08:00:06 2023
False,False,False,False,0,0,21653.0,21653.0,4.0,Thu Mar  9 12:00:06 2023
False,False,False,False,0,0,21632.5,21632.5,4.0,Thu Mar  9 16:00:06 2023
False,True,True,False,0.774609007444177,21948.20938,20840.5,20840.5,4.0,Thu Mar  9 20:00:06 2023
False,True,True,False,0.542302322877522,21945.29792,20352.0,20352.0,4.0,Fri Mar 10 00:00:06 2023
False,False,False,False,0,0,20034.5,20034.5,4.0,Fri Mar 10 04:00:06 2023
False,False,False,False,0,0,19940.5,19940.5,4.0,Fri Mar 10 08:00:06 2023
False,True,True,False,1.08980718078993,20485.75768,19758.0,19758.0,4.0,Fri Mar 10 12:00:06 2023
False,False,False,False,0,0,19996.0,19996.0,4.0,Fri Mar 10 16:00:05 2023
False,False,False,False,0,0,20013.5,20013.5,4.0,Fri Mar 10 20:00:06 2023
False,False,False,False,0,0,20195.0,20195.0,4.0,Sat Mar 11 00:00:06 2023
False,False,False,False,0,0,20529.5,20529.5,4.0,Sat Mar 11 04:00:06 2023
False,False,False,False,0,0,19950.5,19950.5,4.0,Sat Mar 11 08:00:06 2023
False,False,False,False,0,0,20179.5,20179.5,4.0,Sat Mar 11 12:00:06 2023
False,False,False,False,0,0,20204.5,20204.5,4.0,Sat Mar 11 16:00:06 2023
False,False,False,False,0,0,20370.0,20370.0,4.0,Sat Mar 11 20:00:05 2023
False,False,False,False,0,0,20604.5,20604.5,4.0,Sun Mar 12 00:00:06 2023
False,False,False,False,0,0,20514.0,20514.0,4.0,Sun Mar 12 04:00:06 2023
False,False,False,False,0,0,20521.5,20521.5,4.0,Sun Mar 12 08:00:06 2023
False,False,False,False,0,0,20558.5,20558.5,4.0,Sun Mar 12 12:00:05 2023
False,False,False,False,0,0,20544.5,20544.5,4.0,Sun Mar 12 16:00:06 2023
True,False,False,True,1.27636338067618,20349.06648,20962.0,20962.0,4.0,Sun Mar 12 20:00:05 2023
False,False,False,False,0,0,22167.0,22167.0,4.0,Mon Mar 13 00:00:06 2023
True,False,False,True,0.427280570324686,20436.94598,22324.5,22324.5,4.0,Mon Mar 13 04:00:06 2023
False,False,False,False,0,0,22554.0,22554.0,4.0,Mon Mar 13 08:00:06 2023
False,False,False,False,0,0,22150.5,22150.5,4.0,Mon Mar 13 12:00:06 2023
True,False,False,True,0.371595412273777,21756.53684,24071.0,24071.0,4.0,Mon Mar 13 16:00:06 2023
False,False,False,False,0,0,24382.0,24382.0,4.0,Mon Mar 13 20:00:06 2023
False,False,False,False,0,0,24175.0,24175.0,4.0,Tue Mar 14 00:00:06 2023
False,False,False,False,0,0,24473.0,24473.0,4.0,Tue Mar 14 04:00:05 2023
False,False,False,False,0,0,24374.5,24374.5,4.0,Tue Mar 14 08:00:05 2023
False,False,False,False,0,0,24837.0,24837.0,4.0,Tue Mar 14 12:00:05 2023
True,False,False,True,0.495060842555612,24078.07874,25993.5,25993.5,4.0,Tue Mar 14 16:00:06 2023
False,False,False,False,0,0,25122.5,25122.5,4.0,Tue Mar 14 20:00:06 2023
False,False,False,False,0,0,24740.5,24740.5,4.0,Wed Mar 15 00:00:06 2023
False,False,False,False,0,0,24806.5,24806.5,4.0,Wed Mar 15 04:00:06 2023
False,False,False,False,0,0,24988.0,24988.0,4.0,Wed Mar 15 08:00:06 2023
False,False,False,False,0,0,24865.5,24865.5,4.0,Wed Mar 15 12:00:06 2023
False,False,False,False,0,0,24517.5,24517.5,4.0,Wed Mar 15 16:00:06 2023
False,False,False,False,0,0,24422.5,24422.5,4.0,Wed Mar 15 20:00:06 2023
False,False,False,False,0,0,24366.0,24366.0,4.0,Thu Mar 16 00:00:06 2023
False,False,False,False,0,0,24334.5,24334.5,4.0,Thu Mar 16 04:00:06 2023
False,False,False,False,0,0,24674.0,24674.0,4.0,Thu Mar 16 08:00:06 2023
False,False,False,False,0,0,24881.5,24881.5,4.0,Thu Mar 16 12:00:06 2023
False,False,False,False,0,0,24930.0,24930.0,4.0,Thu Mar 16 16:00:06 2023
False,False,False,False,0,0,25029.0,25029.0,4.0,Thu Mar 16 20:00:06 2023
False,False,False,False,0,0,25056.0,25056.0,4.0,Fri Mar 17 00:00:05 2023
False,False,False,False,0,0,25845.0,25845.0,4.0,Fri Mar 17 04:00:06 2023
False,False,False,False,0,0,26130.5,26130.5,4.0,Fri Mar 17 08:00:06 2023
True,False,False,True,0.445133131511772,24793.1396,26990.0,26990.0,4.0,Fri Mar 17 12:00:06 2023
False,False,False,False,0,0,26459.5,26459.5,4.0,Fri Mar 17 16:00:06 2023
False,False,False,False,0,0,26901.5,26901.5,4.0,Fri Mar 17 20:00:06 2023
True,False,False,True,0.711789323214275,26029.3384,27460.0,27460.0,4.0,Sat Mar 18 00:00:06 2023
False,False,False,False,0,0,27382.0,27382.0,4.0,Sat Mar 18 04:00:06 2023
False,False,False,False,0,0,27420.0,27420.0,4.0,Sat Mar 18 08:00:06 2023
False,False,False,False,0,0,27524.5,27524.5,4.0,Sat Mar 18 12:00:06 2023
False,False,False,False,0,0,27308.0,27308.0,4.0,Sat Mar 18 16:00:05 2023
False,False,False,False,0,0,27435.0,27435.0,4.0,Sat Mar 18 20:00:05 2023
False,False,False,False,0,0,26987.5,26987.5,4.0,Sun Mar 19 00:00:06 2023
False,False,False,False,0,0,27277.5,27277.5,4.0,Sun Mar 19 04:00:06 2023
False,False,False,False,0,0,27051.0,27051.0,4.0,Sun Mar 19 08:00:05 2023
False,False,False,False,0,0,27250.0,27250.0,4.0,Sun Mar 19 12:00:06 2023
False,False,False,False,0,0,27636.5,27636.5,4.0,Sun Mar 19 16:00:06 2023
True,False,False,True,0.678700412370733,26791.11148,28337.0,28337.0,4.0,Sun Mar 19 20:00:06 2023
False,False,False,False,0,0,28048.0,28048.0,4.0,Mon Mar 20 00:00:06 2023
False,False,False,False,0,0,27358.5,27358.5,4.0,Mon Mar 20 04:00:05 2023
False,False,False,False,0,0,28267.5,28267.5,4.0,Mon Mar 20 08:00:05 2023
False,False,False,False,0,0,28275.0,28275.0,4.0,Mon Mar 20 12:00:06 2023
False,False,False,False,0,0,27758.5,27758.5,4.0,Mon Mar 20 16:00:06 2023
False,False,False,False,0,0,27857.5,27857.5,4.0,Mon Mar 20 20:00:06 2023
False,False,False,False,0,0,27805.0,27805.0,4.0,Tue Mar 21 00:00:06 2023
False,False,False,False,0,0,27859.5,27859.5,4.0,Tue Mar 21 04:00:06 2023
False,False,False,False,0,0,27583.5,27583.5,4.0,Tue Mar 21 08:00:06 2023
False,False,False,False,0,0,28105.5,28105.5,4.0,Tue Mar 21 12:00:06 2023
False,False,False,False,0,0,28100.0,28100.0,4.0,Tue Mar 21 16:00:06 2023
False,False,False,False,0,0,28204.5,28204.5,4.0,Tue Mar 21 20:00:05 2023
False,False,False,False,0,0,28168.5,28168.5,4.0,Wed Mar 22 00:00:06 2023
False,False,False,False,0,0,28224.5,28224.5,4.0,Wed Mar 22 04:00:06 2023
False,False,False,False,0,0,28142.0,28142.0,4.0,Wed Mar 22 08:00:06 2023
False,False,False,False,0,0,28190.0,28190.0,4.0,Wed Mar 22 12:00:06 2023
False,False,False,False,0,0,28673.5,28673.5,4.0,Wed Mar 22 16:00:06 2023
False,False,False,False,0,0,26698.5,26698.5,4.0,Wed Mar 22 20:00:06 2023
False,False,False,False,0,0,27300.0,27300.0,4.0,Thu Mar 23 00:00:05 2023
False,False,False,False,0,0,27409.5,27409.5,4.0,Thu Mar 23 04:00:06 2023
False,False,False,False,0,0,27712.0,27712.0,4.0,Thu Mar 23 08:00:07 2023
False,False,False,False,0,0,27655.5,27655.5,4.0,Thu Mar 23 12:00:06 2023
False,False,False,False,0,0,28657.5,28657.5,4.0,Thu Mar 23 16:00:06 2023
False,False,False,False,0,0,28413.0,28413.0,4.0,Thu Mar 23 20:00:06 2023
False,False,False,False,0,0,28332.0,28332.0,4.0,Fri Mar 24 00:00:06 2023
False,False,False,False,0,0,28254.5,28254.5,4.0,Fri Mar 24 04:00:06 2023
False,False,False,False,0,0,28301.5,28301.5,4.0,Fri Mar 24 08:00:07 2023
False,False,False,False,0,0,27610.0,27610.0,4.0,Fri Mar 24 12:00:05 2023
False,False,False,False,0,0,28027.0,28027.0,4.0,Fri Mar 24 16:00:05 2023
False,False,False,False,0,0,27833.5,27833.5,4.0,Fri Mar 24 20:00:06 2023
False,False,False,False,0,0,27468.0,27468.0,4.0,Sat Mar 25 00:00:06 2023
False,False,False,False,0,0,27609.5,27609.5,4.0,Sat Mar 25 04:00:05 2023
False,False,False,False,0,0,27513.5,27513.5,4.0,Sat Mar 25 08:00:05 2023
False,False,False,False,0,0,27473.5,27473.5,4.0,Sat Mar 25 12:00:06 2023
False,False,False,False,0,0,27669.0,27669.0,4.0,Sat Mar 25 16:00:05 2023
False,False,False,False,0,0,27199.5,27199.5,4.0,Sat Mar 25 20:00:06 2023
False,False,False,False,0,0,27479.5,27479.5,4.0,Sun Mar 26 00:00:06 2023
False,False,False,False,0,0,27544.5,27544.5,4.0,Sun Mar 26 04:00:06 2023
False,False,False,False,0,0,27520.0,27520.0,4.0,Sun Mar 26 08:00:06 2023
False,False,False,False,0,0,27884.0,27884.0,4.0,Sun Mar 26 12:00:06 2023
False,False,False,False,0,0,27823.5,27823.5,4.0,Sun Mar 26 16:00:06 2023
False,False,False,False,0,0,27838.5,27838.5,4.0,Sun Mar 26 20:00:06 2023
False,False,False,False,0,0,27984.5,27984.5,4.0,Mon Mar 27 00:00:05 2023
False,False,False,False,0,0,27896.0,27896.0,4.0,Mon Mar 27 04:00:06 2023
False,False,False,False,0,0,27811.0,27811.0,4.0,Mon Mar 27 08:00:06 2023
False,False,False,False,0,0,27895.5,27895.5,4.0,Mon Mar 27 12:00:06 2023
False,True,True,False,0.868356282864016,28164.324,26900.0,26900.0,4.0,Mon Mar 27 16:00:05 2023
False,False,False,False,0,0,26963.5,26963.5,4.0,Mon Mar 27 20:00:06 2023
False,False,False,False,0,0,27115.0,27115.0,4.0,Tue Mar 28 00:00:07 2023
False,False,False,False,0,0,26969.5,26969.5,4.0,Tue Mar 28 04:00:06 2023
False,False,False,False,0,0,26944.0,26944.0,4.0,Tue Mar 28 08:00:06 2023
False,False,False,False,0,0,27046.0,27046.0,4.0,Tue Mar 28 12:00:06 2023
False,False,False,False,0,0,26987.5,26987.5,4.0,Tue Mar 28 16:00:06 2023
False,False,False,False,0,0,27417.0,27417.0,4.0,Tue Mar 28 20:00:06 2023
False,False,False,False,0,0,27254.0,27254.0,4.0,Wed Mar 29 00:00:06 2023
False,False,False,False,0,0,27357.0,27357.0,4.0,Wed Mar 29 04:00:06 2023
False,False,False,False,0,0,28098.0,28098.0,4.0,Wed Mar 29 08:00:06 2023
True,False,False,True,0.836249267118094,27089.02506,28351.5,28351.5,4.0,Wed Mar 29 12:00:06 2023
False,False,False,False,0,0,28440.5,28440.5,4.0,Wed Mar 29 16:00:05 2023
False,False,False,False,0,0,28420.5,28420.5,4.0,Wed Mar 29 20:00:06 2023
False,False,False,False,0,0,28338.0,28338.0,4.0,Thu Mar 30 00:00:06 2023
False,False,False,False,0,0,28482.0,28482.0,4.0,Thu Mar 30 04:00:06 2023
False,False,False,False,0,0,28730.0,28730.0,4.0,Thu Mar 30 08:00:06 2023
False,False,False,False,0,0,28648.0,28648.0,4.0,Thu Mar 30 12:00:06 2023
False,False,False,False,0,0,28300.5,28300.5,4.0,Thu Mar 30 16:00:05 2023
False,False,False,False,0,0,27986.0,27986.0,4.0,Thu Mar 30 20:00:06 2023
False,False,False,False,0,0,28028.5,28028.5,4.0,Fri Mar 31 00:00:05 2023
False,False,False,False,0,0,28173.0,28173.0,4.0,Fri Mar 31 04:00:05 2023
False,False,False,False,0,0,27739.0,27739.0,4.0,Fri Mar 31 08:00:06 2023
False,False,False,False,0,0,27934.5,27934.5,4.0,Fri Mar 31 12:00:06 2023
False,False,False,False,0,0,28492.5,28492.5,4.0,Fri Mar 31 16:00:05 2023
False,False,False,False,0,0,28469.0,28469.0,4.0,Fri Mar 31 20:00:06 2023
False,False,False,False,0,0,28465.5,28465.5,4.0,Sat Apr  1 00:00:06 2023
False,False,False,False,0,0,28537.0,28537.0,4.0,Sat Apr  1 04:00:06 2023
False,False,False,False,0,0,28443.0,28443.0,4.0,Sat Apr  1 08:00:06 2023
False,False,False,False,0,0,28379.5,28379.5,4.0,Sat Apr  1 12:00:06 2023
False,False,False,False,0,0,28413.5,28413.5,4.0,Sat Apr  1 16:00:06 2023
False,False,False,False,0,0,28392.0,28392.0,4.0,Sat Apr  1 20:00:05 2023
False,False,False,False,0,0,28437.5,28437.5,4.0,Sun Apr  2 00:00:10 2023
False,False,False,False,0,0,28471.5,28471.5,4.0,Sun Apr  2 04:00:06 2023
False,False,False,False,0,0,28408.0,28408.0,4.0,Sun Apr  2 08:00:06 2023
False,False,False,False,0,0,28348.0,28348.0,4.0,Sun Apr  2 12:00:06 2023
False,False,False,False,0,0,28133.0,28133.0,4.0,Sun Apr  2 16:00:06 2023
False,False,False,False,0,0,27958.5,27958.5,4.0,Sun Apr  2 20:00:06 2023
False,False,False,False,0,0,28178.5,28178.5,4.0,Mon Apr  3 00:00:06 2023
False,False,False,False,0,0,27753.0,27753.0,4.0,Mon Apr  3 04:00:06 2023
False,False,False,False,0,0,27955.0,27955.0,4.0,Mon Apr  3 08:00:06 2023
False,False,False,False,0,0,28245.0,28245.0,4.0,Mon Apr  3 12:00:06 2023
False,False,False,False,0,0,28034.0,28034.0,4.0,Mon Apr  3 16:00:06 2023
False,False,False,False,0,0,28072.0,28072.0,4.0,Mon Apr  3 20:00:06 2023
False,False,False,False,0,0,27798.0,27798.0,4.0,Tue Apr  4 00:00:07 2023
False,False,False,False,0,0,27847.5,27847.5,4.0,Tue Apr  4 04:00:06 2023
False,False,False,False,0,0,28018.0,28018.0,4.0,Tue Apr  4 08:00:06 2023
False,False,False,False,0,0,28283.5,28283.5,4.0,Tue Apr  4 12:00:06 2023
False,False,False,False,0,0,28015.5,28015.5,4.0,Tue Apr  4 16:00:06 2023
False,False,False,False,0,0,28195.0,28195.0,4.0,Tue Apr  4 20:00:06 2023
False,False,False,False,0,0,28169.0,28169.0,4.0,Wed Apr  5 00:00:05 2023
False,False,False,False,0,0,28547.5,28547.5,4.0,Wed Apr  5 04:00:06 2023
False,False,False,False,0,0,28523.5,28523.5,4.0,Wed Apr  5 08:00:06 2023
False,False,False,False,0,0,28558.0,28558.0,4.0,Wed Apr  5 12:00:05 2023
False,False,False,False,0,0,28017.5,28017.5,4.0,Wed Apr  5 16:00:06 2023
False,False,False,False,0,0,28240.5,28240.5,4.0,Wed Apr  5 20:00:06 2023
False,False,False,False,0,0,28164.5,28164.5,4.0,Thu Apr  6 00:00:06 2023
False,False,False,False,0,0,28133.0,28133.0,4.0,Thu Apr  6 04:00:06 2023
False,False,False,False,0,0,27905.0,27905.0,4.0,Thu Apr  6 08:00:06 2023
False,False,False,False,0,0,27941.5,27941.5,4.0,Thu Apr  6 12:00:06 2023
False,False,False,False,0,0,28090.5,28090.5,4.0,Thu Apr  6 16:00:06 2023
False,False,False,False,0,0,28012.0,28012.0,4.0,Thu Apr  6 20:00:06 2023
False,False,False,False,0,0,28036.5,28036.5,4.0,Fri Apr  7 00:00:06 2023
False,False,False,False,0,0,28041.0,28041.0,4.0,Fri Apr  7 04:00:06 2023
False,False,False,False,0,0,27836.5,27836.5,4.0,Fri Apr  7 08:00:06 2023
False,False,False,False,0,0,27834.0,27834.0,4.0,Fri Apr  7 12:00:06 2023
False,False,False,False,0,0,27941.5,27941.5,4.0,Fri Apr  7 16:00:06 2023
False,False,False,False,0,0,27895.0,27895.0,4.0,Fri Apr  7 20:00:05 2023
False,False,False,False,0,0,27905.0,27905.0,4.0,Sat Apr  8 00:00:06 2023
False,False,False,False,0,0,28030.5,28030.5,4.0,Sat Apr  8 04:00:06 2023
False,False,False,False,0,0,28084.5,28084.5,4.0,Sat Apr  8 08:00:06 2023
False,False,False,False,0,0,28015.5,28015.5,4.0,Sat Apr  8 12:00:06 2023
False,False,False,False,0,0,28024.0,28024.0,4.0,Sat Apr  8 16:00:06 2023
False,False,False,False,0,0,27919.5,27919.5,4.0,Sat Apr  8 20:00:06 2023
False,False,False,False,0,0,27943.0,27943.0,4.0,Sun Apr  9 00:00:06 2023
False,False,False,False,0,0,28041.5,28041.5,4.0,Sun Apr  9 04:00:06 2023
False,False,False,False,0,0,27903.5,27903.5,4.0,Sun Apr  9 08:00:06 2023
False,False,False,False,0,0,27934.0,27934.0,4.0,Sun Apr  9 12:00:05 2023
False,False,False,False,0,0,27901.0,27901.0,4.0,Sun Apr  9 16:00:06 2023
False,False,False,False,0,0,28147.0,28147.0,4.0,Sun Apr  9 20:00:06 2023
True,False,False,True,1.60751756698491,27664.21876,28319.0,28319.0,4.0,Mon Apr 10 00:00:05 2023
False,False,False,False,0,0,28280.5,28280.5,4.0,Mon Apr 10 04:00:06 2023
False,False,False,False,0,0,28285.5,28285.5,4.0,Mon Apr 10 08:00:06 2023
False,False,False,False,0,0,28313.5,28313.5,4.0,Mon Apr 10 12:00:06 2023
False,False,False,False,0,0,28445.0,28445.0,4.0,Mon Apr 10 16:00:06 2023
True,False,False,True,0.92229581453224,28010.02462,29190.5,29190.5,4.0,Mon Apr 10 20:00:06 2023
True,False,False,True,0.664519407465832,28007.23534,29658.5,29658.5,4.0,Tue Apr 11 00:00:05 2023
True,False,False,True,0.581149283679854,28223.41924,30131.0,30131.0,4.0,Tue Apr 11 04:00:06 2023
False,False,False,False,0,0,30131.0,30131.0,4.0,Tue Apr 11 08:00:06 2023
False,False,False,False,0,0,30080.5,30080.5,4.0,Tue Apr 11 12:00:06 2023
False,False,False,False,0,0,30219.0,30219.0,4.0,Tue Apr 11 16:00:14 2023
False,False,False,False,0,0,30146.5,30146.5,4.0,Tue Apr 11 20:00:06 2023
False,False,False,False,0,0,30226.0,30226.0,4.0,Wed Apr 12 00:00:06 2023
False,False,False,False,0,0,29950.5,29950.5,4.0,Wed Apr 12 04:00:06 2023
False,False,False,False,0,0,30016.5,30016.5,4.0,Wed Apr 12 08:00:06 2023
False,False,False,False,0,0,30034.5,30034.5,4.0,Wed Apr 12 12:00:06 2023
False,False,False,False,0,0,29976.0,29976.0,4.0,Wed Apr 12 16:00:06 2023
False,False,False,False,0,0,29805.0,29805.0,4.0,Wed Apr 12 20:00:06 2023
False,False,False,False,0,0,29906.0,29906.0,4.0,Thu Apr 13 00:00:06 2023
False,False,False,False,0,0,30099.0,30099.0,4.0,Thu Apr 13 04:00:06 2023
False,False,False,False,0,0,30080.0,30080.0,4.0,Thu Apr 13 08:00:05 2023
False,False,False,False,0,0,30189.5,30189.5,4.0,Thu Apr 13 12:00:06 2023
False,False,False,False,0,0,30466.5,30466.5,4.0,Thu Apr 13 16:00:06 2023
False,False,False,False,0,0,30357.5,30357.5,4.0,Thu Apr 13 20:00:06 2023
False,False,False,False,0,0,30395.5,30395.5,4.0,Fri Apr 14 00:00:06 2023
False,False,False,False,0,0,30733.0,30733.0,4.0,Fri Apr 14 04:00:06 2023
False,False,False,False,0,0,30775.5,30775.5,4.0,Fri Apr 14 08:00:05 2023
False,False,False,False,0,0,30833.5,30833.5,4.0,Fri Apr 14 12:00:05 2023
False,False,False,False,0,0,30259.5,30259.5,4.0,Fri Apr 14 16:00:05 2023
False,False,False,False,0,0,30333.0,30333.0,4.0,Fri Apr 14 20:00:06 2023
False,False,False,False,0,0,30464.5,30464.5,4.0,Sat Apr 15 00:00:06 2023
False,False,False,False,0,0,30392.5,30392.5,4.0,Sat Apr 15 04:00:06 2023
False,False,False,False,0,0,30462.5,30462.5,4.0,Sat Apr 15 08:00:05 2023
False,False,False,False,0,0,30423.0,30423.0,4.0,Sat Apr 15 12:00:06 2023
False,False,False,False,0,0,30345.5,30345.5,4.0,Sat Apr 15 16:00:06 2023
False,False,False,False,0,0,30379.0,30379.0,4.0,Sat Apr 15 20:00:06 2023
False,False,False,False,0,0,30321.5,30321.5,4.0,Sun Apr 16 00:00:06 2023
False,False,False,False,0,0,30277.5,30277.5,4.0,Sun Apr 16 04:00:06 2023
False,False,False,False,0,0,30384.5,30384.5,4.0,Sun Apr 16 08:00:05 2023
False,False,False,False,0,0,30257.0,30257.0,4.0,Sun Apr 16 12:00:06 2023
False,False,False,False,0,0,30356.0,30356.0,4.0,Sun Apr 16 16:00:06 2023
False,False,False,False,0,0,30324.5,30324.5,4.0,Sun Apr 16 20:00:05 2023
False,False,False,False,0,0,30313.5,30313.5,4.0,Mon Apr 17 00:00:06 2023
False,True,True,False,1.51446829706756,30745.6212,29970.0,29970.0,4.0,Mon Apr 17 04:00:06 2023
False,False,False,False,0,0,29853.0,29853.0,4.0,Mon Apr 17 08:00:06 2023
False,True,True,False,1.25206163151443,30513.26402,29574.5,29574.5,4.0,Mon Apr 17 12:00:06 2023
False,False,False,False,0,0,29376.0,29376.0,4.0,Mon Apr 17 16:00:06 2023
False,False,False,False,0,0,29471.0,29471.0,4.0,Mon Apr 17 20:00:06 2023
False,False,False,False,0,0,29430.0,29430.0,4.0,Tue Apr 18 00:00:06 2023
False,False,False,False,0,0,29451.0,29451.0,4.0,Tue Apr 18 04:00:06 2023
False,False,False,False,0,0,29772.5,29772.5,4.0,Tue Apr 18 08:00:06 2023
False,False,False,False,0,0,30393.5,30393.5,4.0,Tue Apr 18 12:00:05 2023
False,False,False,False,0,0,30192.5,30192.5,4.0,Tue Apr 18 16:00:06 2023
False,False,False,False,0,0,30231.5,30231.5,4.0,Tue Apr 18 20:00:05 2023
False,False,False,False,0,0,30387.0,30387.0,4.0,Wed Apr 19 00:00:05 2023
False,False,False,False,0,0,30213.0,30213.0,4.0,Wed Apr 19 04:00:06 2023
False,False,False,False,0,0,30083.5,30083.5,4.0,Wed Apr 19 08:00:05 2023
False,True,True,False,0.928142225468447,30597.7174,29315.0,29315.0,4.0,Wed Apr 19 12:00:06 2023
False,False,False,False,0,0,29265.0,29265.0,4.0,Wed Apr 19 16:00:06 2023
False,False,False,False,0,0,29229.0,29229.0,4.0,Wed Apr 19 20:00:06 2023
False,True,True,False,1.28630834071077,29689.65694,28801.5,28801.5,4.0,Thu Apr 20 00:00:06 2023
False,False,False,False,0,0,28869.5,28869.5,4.0,Thu Apr 20 04:00:06 2023
False,False,False,False,0,0,28875.5,28875.5,4.0,Thu Apr 20 08:00:06 2023
False,False,False,False,0,0,28612.5,28612.5,4.0,Thu Apr 20 12:00:06 2023
False,False,False,False,0,0,28513.5,28513.5,4.0,Thu Apr 20 16:00:06 2023
False,False,False,False,0,0,28099.5,28099.5,4.0,Thu Apr 20 20:00:06 2023
False,False,False,False,0,0,28248.0,28248.0,4.0,Fri Apr 21 00:00:06 2023
False,False,False,False,0,0,28330.5,28330.5,4.0,Fri Apr 21 04:00:05 2023
False,False,False,False,0,0,28161.0,28161.0,4.0,Fri Apr 21 08:00:06 2023
False,False,False,False,0,0,28062.0,28062.0,4.0,Fri Apr 21 12:00:06 2023
False,False,False,False,0,0,28049.0,28049.0,4.0,Fri Apr 21 16:00:06 2023
False,True,True,False,0.952883338041854,28430.53218,27270.5,27270.5,4.0,Fri Apr 21 20:00:06 2023
False,False,False,False,0,0,27249.0,27249.0,4.0,Sat Apr 22 00:00:06 2023
False,False,False,False,0,0,27324.5,27324.5,4.0,Sat Apr 22 04:00:06 2023
False,False,False,False,0,0,27271.0,27271.0,4.0,Sat Apr 22 08:00:06 2023
False,False,False,False,0,0,27292.0,27292.0,4.0,Sat Apr 22 12:00:06 2023
False,False,False,False,0,0,27472.5,27472.5,4.0,Sat Apr 22 16:00:06 2023
False,False,False,False,0,0,27610.5,27610.5,4.0,Sat Apr 22 20:00:05 2023
False,False,False,False,0,0,27791.5,27791.5,4.0,Sun Apr 23 00:00:06 2023
False,False,False,False,0,0,27558.0,27558.0,4.0,Sun Apr 23 04:00:06 2023
False,False,False,False,0,0,27717.0,27717.0,4.0,Sun Apr 23 08:00:05 2023
False,False,False,False,0,0,27642.0,27642.0,4.0,Sun Apr 23 12:00:06 2023
False,False,False,False,0,0,27471.0,27471.0,4.0,Sun Apr 23 16:00:06 2023
False,False,False,False,0,0,27458.5,27458.5,4.0,Sun Apr 23 20:00:06 2023
False,False,False,False,0,0,27573.0,27573.0,4.0,Mon Apr 24 00:00:06 2023
False,False,False,False,0,0,27774.5,27774.5,4.0,Mon Apr 24 04:00:07 2023
False,False,False,False,0,0,27444.0,27444.0,4.0,Mon Apr 24 08:00:06 2023
False,False,False,False,0,0,27538.5,27538.5,4.0,Mon Apr 24 12:00:06 2023
False,False,False,False,0,0,27257.0,27257.0,4.0,Mon Apr 24 16:00:06 2023
False,False,False,False,0,0,27372.5,27372.5,4.0,Mon Apr 24 20:00:06 2023
False,False,False,False,0,0,27495.0,27495.0,4.0,Tue Apr 25 00:00:05 2023
False,False,False,False,0,0,27341.5,27341.5,4.0,Tue Apr 25 04:00:06 2023
False,False,False,False,0,0,27263.5,27263.5,4.0,Tue Apr 25 08:00:06 2023
False,False,False,False,0,0,27377.0,27377.0,4.0,Tue Apr 25 12:00:06 2023
False,False,False,False,0,0,27332.5,27332.5,4.0,Tue Apr 25 16:00:06 2023
False,False,False,False,0,0,27599.0,27599.0,4.0,Tue Apr 25 20:00:06 2023
True,False,False,True,0.856849675970862,27049.45716,28279.0,28279.0,4.0,Wed Apr 26 00:00:06 2023
False,False,False,False,0,0,28296.0,28296.0,4.0,Wed Apr 26 04:00:06 2023
False,False,False,False,0,0,28373.0,28373.0,4.0,Wed Apr 26 08:00:06 2023
True,False,False,True,1.26705998013513,28087.5176,28940.0,28940.0,4.0,Wed Apr 26 12:00:06 2023
True,False,False,True,0.653249159321194,28130.28472,29818.0,29818.0,4.0,Wed Apr 26 16:00:06 2023
False,False,False,False,0,0,27872.0,27872.0,4.0,Wed Apr 26 20:00:06 2023
False,False,False,False,0,0,28418.5,28418.5,4.0,Thu Apr 27 00:00:06 2023
False,False,False,False,0,0,28872.5,28872.5,4.0,Thu Apr 27 04:00:06 2023
False,False,False,False,0,0,28893.0,28893.0,4.0,Thu Apr 27 08:00:06 2023
False,False,False,False,0,0,28938.5,28938.5,4.0,Thu Apr 27 12:00:05 2023
False,False,False,False,0,0,29142.0,29142.0,4.0,Thu Apr 27 16:00:06 2023
False,False,False,False,0,0,29667.5,29667.5,4.0,Thu Apr 27 20:00:06 2023
False,False,False,False,0,0,29473.5,29473.5,4.0,Fri Apr 28 00:00:06 2023
False,False,False,False,0,0,29423.5,29423.5,4.0,Fri Apr 28 04:00:06 2023
False,False,False,False,0,0,29478.0,29478.0,4.0,Fri Apr 28 08:00:06 2023
False,False,False,False,0,0,29242.5,29242.5,4.0,Fri Apr 28 12:00:07 2023
False,False,False,False,0,0,29156.5,29156.5,4.0,Fri Apr 28 16:00:06 2023
False,False,False,False,0,0,29331.0,29331.0,4.0,Fri Apr 28 20:00:06 2023
False,False,False,False,0,0,29319.0,29319.0,4.0,Sat Apr 29 00:00:06 2023
False,False,False,False,0,0,29347.5,29347.5,4.0,Sat Apr 29 04:00:05 2023
False,False,False,False,0,0,29358.5,29358.5,4.0,Sat Apr 29 08:00:06 2023
False,False,False,False,0,0,29332.0,29332.0,4.0,Sat Apr 29 12:00:06 2023
False,False,False,False,0,0,29280.5,29280.5,4.0,Sat Apr 29 16:00:06 2023
False,False,False,False,0,0,29246.5,29246.5,4.0,Sat Apr 29 20:00:06 2023
False,False,False,False,0,0,29232.5,29232.5,4.0,Sun Apr 30 00:00:06 2023
False,False,False,False,0,0,29179.0,29179.0,4.0,Sun Apr 30 04:00:06 2023
False,False,False,False,0,0,29280.0,29280.0,4.0,Sun Apr 30 08:00:06 2023
False,False,False,False,0,0,29207.5,29207.5,4.0,Sun Apr 30 12:00:06 2023
False,False,False,False,0,0,29667.5,29667.5,4.0,Sun Apr 30 16:00:06 2023
False,False,False,False,0,0,29360.5,29360.5,4.0,Sun Apr 30 20:00:06 2023
